DCSP Zone,Zone,DCSP Code,DCSP Name,Stop ID,Stop Name,Type,Priority,Leg Dist (km),Cumul. Dist (km),Action,Parcels,Truck ID,Load %,Cumul Parcels
DCSP-SHK2,Central,SHK2,Huai Khwang 2,SHK2,Huai Khwang 2,DCSP,HUB,0,0,START,—,—,—,0
DCSP-SHK2,Central,SHK2,Huai Khwang 2,KE000035,Fortune Town,SHOP,1 - SHOP,0.74,0.74,PICKUP,91,SHK2-T01,57%,91
DCSP-SHK2,Central,SHK2,Huai Khwang 2,KE000001,ASOK,SHOP,1 - SHOP,1.53,2.26,PICKUP,115,SHK2-T02,72%,206
DCSP-SHK2,Central,SHK2,Huai Khwang 2,KE000206,Terminal21 Asok,SHOP,1 - SHOP,1.02,3.28,PICKUP,137,SHK2-T04,86%,343
DCSP-SHK2,Central,SHK2,Huai Khwang 2,KE000206,Terminal21 Asok,SHOP,1 - SHOP,0,3.28,PICKUP,137,SHK2-T04,86%,480
DCSP-SHK2,Central,SHK2,Huai Khwang 2,KE000205,Thong Lor,SHOP,1 - SHOP,2.76,6.04,PICKUP,100,SHK2-T05,62%,580
DCSP-SHK2,Central,SHK2,Huai Khwang 2,PSP000071,Suthiporn Phasart,PSP,2 - PSP,3.55,9.59,PICKUP,67,SHK2-T06,42%,647
DCSP-SHK2,Central,SHK2,Huai Khwang 2,PSP000040,SBB Brandname,PSP,2 - PSP,3.41,13,PICKUP,69,SHK2-T06,43%,716
DCSP-SHK2,Central,SHK2,Huai Khwang 2,PSP000269,30 Post & Pay,PSP,2 - PSP,0.64,13.64,PICKUP,80,SHK2-T07,50%,796
DCSP-SHK2,Central,SHK2,Huai Khwang 2,PSP000139,WashRoom&Dry,PSP,2 - PSP,6.09,19.73,PICKUP,72,SHK2-T07,45%,868
DCSP-SHK2,Central,SHK2,Huai Khwang 2,PSP000152,สิงห์ทอง ลาดพร้าว 43/1,PSP,2 - PSP,0.53,20.26,PICKUP,72,SHK2-T08,45%,940
DCSP-SHK2,Central,SHK2,Huai Khwang 2,RTSP002109,P3557ลอว์สัน แฟลตดินแดง51 - Lawson Flat Din Daeng51,RTSP,3 - RTSP,4.97,25.23,PICKUP,36,SHK2-T08,22%,976
DCSP-SHK2,Central,SHK2,Huai Khwang 2,RTSP004213,โลตัส Hyper -ฟอร์จูน,RTSP,3 - RTSP,1.11,26.34,PICKUP,54,SHK2-T09,34%,1030
DCSP-SHK2,Central,SHK2,Huai Khwang 2,RTSP001828,Fortune-Ratchada 2 FL 2,RTSP,3 - RTSP,0.28,26.61,PICKUP,28,SHK2-T09,18%,1058
DCSP-SHK2,Central,SHK2,Huai Khwang 2,RTSP001827,SMT Fortune-Ratchada 1 FL 2,RTSP,3 - RTSP,0.12,26.74,PICKUP,24,SHK2-T09,15%,1082
DCSP-SHK2,Central,SHK2,Huai Khwang 2,RTSP002177,108SHOP เพชรอุทัย,RTSP,3 - RTSP,0.88,27.62,PICKUP,26,SHK2-T09,16%,1108
DCSP-SHK2,Central,SHK2,Huai Khwang 2,RTSP001136,ท็อปส์เดลี่ อิตัลไทย ทาวเวอร์,RTSP,3 - RTSP,0.61,28.23,PICKUP,41,SHK2-T10,26%,1149
DCSP-SHK2,Central,SHK2,Huai Khwang 2,RTSP001200,ท็อปส์ เดลี่ อิตัลไทย ทาวเวอร์,RTSP,3 - RTSP,0.07,28.3,PICKUP,27,SHK2-T10,17%,1176
DCSP-SHK2,Central,SHK2,Huai Khwang 2,RTSP004271,โกเฟรช -ถนนเพชรบุรีตัดใหม่,RTSP,3 - RTSP,0.23,28.53,PICKUP,53,SHK2-T10,33%,1229
DCSP-SHK2,Central,SHK2,Huai Khwang 2,RTSP005985,ออฟฟิศเมท รอยัลซิตี้อเวนิว RCA,RTSP,3 - RTSP,0.37,28.9,PICKUP,52,SHK2-T11,32%,1281
DCSP-SHK2,Central,SHK2,Huai Khwang 2,RTSP002089,P0115ลอว์สัน สหพัฒนพิบูล - Lawson Sahapatanaphibul,RTSP,3 - RTSP,0.2,29.1,PICKUP,59,SHK2-T11,37%,1340
DCSP-SHK2,Central,SHK2,Huai Khwang 2,RTSP001134,ท็อปส์เดลี่ ไอ-บิซาอาร์ซีเอ,RTSP,3 - RTSP,0.67,29.77,PICKUP,29,SHK2-T11,18%,1369
DCSP-SHK2,Central,SHK2,Huai Khwang 2,RTSP000967,ท็อปส์เดลี่ เดอะ เรสซิเดนท์ ทองหล่อ,RTSP,3 - RTSP,1.49,31.26,PICKUP,39,SHK2-T12,24%,1408
DCSP-SHK2,Central,SHK2,Huai Khwang 2,RTSP002414,โกเฟรช-ซอยเอกมัย 30,RTSP,3 - RTSP,0.94,32.19,PICKUP,40,SHK2-T12,25%,1448
DCSP-SHK2,Central,SHK2,Huai Khwang 2,RTSP006234,ท็อปส์ เดลี่ สุขุมวิท 33,RTSP,3 - RTSP,2.73,34.93,PICKUP,33,SHK2-T12,21%,1481
DCSP-SHK2,Central,SHK2,Huai Khwang 2,RTSP002099,P3520ลอว์สัน สุขุมวิท 23 - Lawson Sukhumvit 23,RTSP,3 - RTSP,0.67,35.6,PICKUP,54,SHK2-T13,34%,1535
DCSP-SHK2,Central,SHK2,Huai Khwang 2,RTSP002164,P3509ลอว์สัน เสริมมิตร เทาวเวอร์ - Sermmit Tower,RTSP,3 - RTSP,0.19,35.79,PICKUP,33,SHK2-T13,21%,1568
DCSP-SHK2,Central,SHK2,Huai Khwang 2,RTSP001662,Jiffy จีเอ็มเอ็ม แกรมมี่ (MPUP),RTSP,3 - RTSP,0.28,36.07,PICKUP,29,SHK2-T13,18%,1597
DCSP-SHK2,Central,SHK2,Huai Khwang 2,RTSP005972,ออฟฟิศเมท มิดทาวน์ อโศก ชั้น B1,RTSP,3 - RTSP,0.1,36.17,PICKUP,14,SHK2-T13,9%,1611
DCSP-SHK2,Central,SHK2,Huai Khwang 2,RTSP001287,ท็อปส์เดลี่ สุขุมวิท13 2,RTSP,3 - RTSP,0.44,36.61,PICKUP,43,SHK2-T14,27%,1654
DCSP-SHK2,Central,SHK2,Huai Khwang 2,RTSP001287,ท็อปส์เดลี่ สุขุมวิท13 2,RTSP,3 - RTSP,0,36.61,PICKUP,43,SHK2-T14,27%,1697
DCSP-SHK2,Central,SHK2,Huai Khwang 2,RTSP000948,ดี เชน สาขา สุขุมวิท ซ 11,RTSP,3 - RTSP,0.14,36.75,PICKUP,28,SHK2-T14,18%,1725
DCSP-SHK2,Central,SHK2,Huai Khwang 2,RTSP000948,ดี เชน สาขา สุขุมวิท ซ 11,RTSP,3 - RTSP,0,36.75,PICKUP,28,SHK2-T14,18%,1753
DCSP-SHK2,Central,SHK2,Huai Khwang 2,RTSP002116,P3612ลอว์สัน เพลินจิตเซ็นเตอร์ - Lawson Ploenchit Center,RTSP,3 - RTSP,0.7,37.45,PICKUP,22,SHK2-T15,14%,1775
DCSP-SHK2,Central,SHK2,Huai Khwang 2,RTSP002116,P3612ลอว์สัน เพลินจิตเซ็นเตอร์ - Lawson Ploenchit Center,RTSP,3 - RTSP,0,37.45,PICKUP,22,SHK2-T15,14%,1797
DCSP-SHK2,Central,SHK2,Huai Khwang 2,RTSP000143,BigC Food Place มหาทุน,RTSP,3 - RTSP,0.28,37.73,PICKUP,17,SHK2-T15,11%,1814
DCSP-SHK2,Central,SHK2,Huai Khwang 2,RTSP000143,BigC Food Place มหาทุน,RTSP,3 - RTSP,0,37.73,PICKUP,17,SHK2-T15,11%,1831
DCSP-SHK2,Central,SHK2,Huai Khwang 2,RTSP002117,P3617ลอว์สัน ธนาคารกรุงศรี เพลินจิต - Lawson Krungsri Bank Ploenchit,RTSP,3 - RTSP,0.2,37.93,PICKUP,24,SHK2-T15,15%,1855
DCSP-SHK2,Central,SHK2,Huai Khwang 2,RTSP002117,P3617ลอว์สัน ธนาคารกรุงศรี เพลินจิต - Lawson Krungsri Bank Ploenchit,RTSP,3 - RTSP,0,37.93,PICKUP,24,SHK2-T15,15%,1879
DCSP-SHK2,Central,SHK2,Huai Khwang 2,RTSP002195,ลอว์สัน วัน ซิตี้ เซ็นเตอร์,RTSP,3 - RTSP,0.09,38.02,PICKUP,23,SHK2-T16,14%,1902
DCSP-SHK2,Central,SHK2,Huai Khwang 2,RTSP002195,ลอว์สัน วัน ซิตี้ เซ็นเตอร์,RTSP,3 - RTSP,0,38.02,PICKUP,23,SHK2-T16,14%,1925
DCSP-SHK2,Central,SHK2,Huai Khwang 2,RTSP000025,บีทูเอส เซ็นทรัลชิดลม,RTSP,3 - RTSP,0.24,38.27,PICKUP,56,SHK2-T16,35%,1981
DCSP-SHK2,Central,SHK2,Huai Khwang 2,RTSP000025,บีทูเอส เซ็นทรัลชิดลม,RTSP,3 - RTSP,0,38.27,PICKUP,56,SHK2-T16,35%,2037
DCSP-SHK2,Central,SHK2,Huai Khwang 2,RTSP000950,ร้านยา ดี-เชน ปิยะเพลส หลังสวน,RTSP,3 - RTSP,0.22,38.49,PICKUP,23,SHK2-T17,14%,2060
DCSP-SHK2,Central,SHK2,Huai Khwang 2,RTSP000950,ร้านยา ดี-เชน ปิยะเพลส หลังสวน,RTSP,3 - RTSP,0,38.49,PICKUP,23,SHK2-T17,14%,2083
DCSP-SHK2,Central,SHK2,Huai Khwang 2,RTSP002201,ลอว์สัน แลนด์มาร์ค พระราม9,RTSP,3 - RTSP,2.2,40.69,PICKUP,21,SHK2-T17,13%,2104
DCSP-SHK2,Central,SHK2,Huai Khwang 2,RTSP004347,ลาดพร้าว 48,RTSP,3 - RTSP,6.01,46.69,PICKUP,42,SHK2-T17,26%,2146
DCSP-SHK2,Central,SHK2,Huai Khwang 2,RTSP005238,Big C Mini บ ใต้(เกาะพะงัน) สุราษฎร์ธานี,RTSP,3 - RTSP,4.08,50.77,PICKUP,39,SHK2-T18,24%,2185
DCSP-SHK2,Central,SHK2,Huai Khwang 2,SHK2,Huai Khwang 2,DCSP,HUB,9.16,59.93,RETURN TO HUB,—,—,—,2185
DCSP-SPDP,Central,SPDP,Pridi Phanomyong,SPDP,Pridi Phanomyong,DCSP,HUB,0,0,START,—,—,—,0
DCSP-SPDP,Central,SPDP,Pridi Phanomyong,KE000016,BTS Onnut,SHOP,1 - SHOP,1.55,1.55,PICKUP,91,SPDP-T01,57%,91
DCSP-SPDP,Central,SPDP,Pridi Phanomyong,KE000072,PTT Rama 4,SHOP,1 - SHOP,2.27,3.82,PICKUP,160,SPDP-T02,100%,251
DCSP-SPDP,Central,SPDP,Pridi Phanomyong,KE000020,BTS Thong Lo,SHOP,1 - SHOP,1.07,4.89,PICKUP,81,SPDP-T03,51%,332
DCSP-SPDP,Central,SPDP,Pridi Phanomyong,KE000231,Pridi Banomyong 27,SHOP,1 - SHOP,1.92,6.8,PICKUP,102,SPDP-T04,64%,434
DCSP-SPDP,Central,SPDP,Pridi Phanomyong,RTSP002400,โกเฟรช-ซอยภูมิจิตร,RTSP,3 - RTSP,2.1,8.9,PICKUP,41,SPDP-T04,26%,475
DCSP-SPDP,Central,SPDP,Pridi Phanomyong,RTSP001574,อินทนิล สุขุมวิท 48,RTSP,3 - RTSP,0.38,9.28,PICKUP,36,SPDP-T05,22%,511
DCSP-SPDP,Central,SPDP,Pridi Phanomyong,RTSP000964,ท็อปส์เดลี่ ตลาดแสงทิพย์,RTSP,3 - RTSP,0.21,9.49,PICKUP,29,SPDP-T05,18%,540
DCSP-SPDP,Central,SPDP,Pridi Phanomyong,RTSP004337,โกเฟรช -สุขุมวิท 71,RTSP,3 - RTSP,0.27,9.76,PICKUP,36,SPDP-T05,22%,576
DCSP-SPDP,Central,SPDP,Pridi Phanomyong,RTSP006267,ท็อปส์ เดลี่ ซัมเมอร์ ฮิลล์,RTSP,3 - RTSP,0.49,10.25,PICKUP,40,SPDP-T05,25%,616
DCSP-SPDP,Central,SPDP,Pridi Phanomyong,RTSP001635,อินทนิล โครงการ ซัมเมอร์ พ้อยท์,RTSP,3 - RTSP,0.06,10.31,PICKUP,60,SPDP-T06,38%,676
DCSP-SPDP,Central,SPDP,Pridi Phanomyong,RTSP000968,ท็อปส์เดลี่ สุขุมวิท 67,RTSP,3 - RTSP,0.28,10.59,PICKUP,15,SPDP-T06,9%,691
DCSP-SPDP,Central,SPDP,Pridi Phanomyong,RTSP002171,P3639ลอว์สัน คิสส์ มอล์ - Qiss Mall,RTSP,3 - RTSP,0.41,11.01,PICKUP,45,SPDP-T06,28%,736
DCSP-SPDP,Central,SPDP,Pridi Phanomyong,RTSP000140,Big C BMK บีเจซี 1 (Food Place),RTSP,3 - RTSP,0.05,11.05,PICKUP,55,SPDP-T07,34%,791
DCSP-SPDP,Central,SPDP,Pridi Phanomyong,RTSP004928,มินิบิ๊กซี บิ๊กซีสำนักงานใหญ่ กรุงเทพมหานคร,RTSP,3 - RTSP,0.16,11.21,PICKUP,30,SPDP-T07,19%,821
DCSP-SPDP,Central,SPDP,Pridi Phanomyong,RTSP000965,ท็อปส์เดลี่ สุขุมวิท 42,RTSP,3 - RTSP,0.22,11.43,PICKUP,12,SPDP-T07,8%,833
DCSP-SPDP,Central,SPDP,Pridi Phanomyong,RTSP005265,มินิบิ๊กซี บีเจซี 1,RTSP,3 - RTSP,1.08,12.5,PICKUP,14,SPDP-T07,9%,847
DCSP-SPDP,Central,SPDP,Pridi Phanomyong,RTSP000189,บิ๊กซี เอกมัย,RTSP,3 - RTSP,0.34,12.85,PICKUP,11,SPDP-T07,7%,858
DCSP-SPDP,Central,SPDP,Pridi Phanomyong,RTSP002188,ลอว์สัน ออริจิน ทองหล่อ,RTSP,3 - RTSP,0.55,13.4,PICKUP,57,SPDP-T08,36%,915
DCSP-SPDP,Central,SPDP,Pridi Phanomyong,RTSP006056,แมกซ์ มาร์ท วัฒนา(ถ สุขุมวิทซ 71),RTSP,3 - RTSP,1.34,14.74,PICKUP,16,SPDP-T08,10%,931
DCSP-SPDP,Central,SPDP,Pridi Phanomyong,RTSP000966,ท็อปส์เดลี่ ปรีดีพนมยงค์26,RTSP,3 - RTSP,0.46,15.2,PICKUP,45,SPDP-T08,28%,976
DCSP-SPDP,Central,SPDP,Pridi Phanomyong,RTSP003141,โลตัส โกเฟรช -ปรีดี พนมยงศ์ 14,RTSP,3 - RTSP,0.71,15.92,PICKUP,53,SPDP-T09,33%,1029
DCSP-SPDP,Central,SPDP,Pridi Phanomyong,RTSP002022,เจมาร์ท ไอโอที บิ๊กซี อ่อนนุช ชั้น 2,RTSP,3 - RTSP,1.14,17.05,PICKUP,51,SPDP-T09,32%,1080
DCSP-SPDP,Central,SPDP,Pridi Phanomyong,RTSP000252,บิ๊กซี เอ็กตร้า อ่อนนุช,RTSP,3 - RTSP,0.06,17.11,PICKUP,9,SPDP-T09,6%,1089
DCSP-SPDP,Central,SPDP,Pridi Phanomyong,RTSP001576,อินทนิล สุขุมวิท 77,RTSP,3 - RTSP,0.21,17.32,PICKUP,11,SPDP-T09,7%,1100
DCSP-SPDP,Central,SPDP,Pridi Phanomyong,RTSP000315,คอฟฟี่ อะ เดย์ สาขาภูเก็ตทาวน์,RTSP,3 - RTSP,0.41,17.73,PICKUP,13,SPDP-T09,8%,1113
DCSP-SPDP,Central,SPDP,Pridi Phanomyong,RTSP004323,โกเฟรช -คลองตัน,RTSP,3 - RTSP,3.37,21.11,PICKUP,57,SPDP-T10,36%,1170
DCSP-SPDP,Central,SPDP,Pridi Phanomyong,RTSP001332,ท็อปส์เดลี่ ปรีดีพนมยงค์45,RTSP,3 - RTSP,0.19,21.3,PICKUP,23,SPDP-T10,14%,1193
DCSP-SPDP,Central,SPDP,Pridi Phanomyong,SPDP,Pridi Phanomyong,DCSP,HUB,4.23,25.53,RETURN TO HUB,—,—,—,1193
DCSP-SPYR,Central,SPYR,Phayathai road,SPYR,Phayathai road,DCSP,HUB,0,0,START,—,—,—,0
DCSP-SPYR,Central,SPYR,Phayathai road,KE000021,BTS Victory Monument,SHOP,1 - SHOP,1.21,1.21,PICKUP,92,SPYR-T02,57%,92
DCSP-SPYR,Central,SPYR,Phayathai road,KE000021,BTS Victory Monument,SHOP,1 - SHOP,0,1.21,PICKUP,92,SPYR-T02,57%,184
DCSP-SPYR,Central,SPYR,Phayathai road,KE000149,Ratchaprarop1(Pratu Nam),SHOP,1 - SHOP,1.07,2.28,PICKUP,145,SPYR-T03,91%,329
DCSP-SPYR,Central,SPYR,Phayathai road,KE000022,Baiyoke 1,SHOP,1 - SHOP,0.07,2.35,PICKUP,126,SPYR-T04,79%,455
DCSP-SPYR,Central,SPYR,Phayathai road,KE000080,Pratu Nam,SHOP,1 - SHOP,0.22,2.58,PICKUP,104,SPYR-T05,65%,559
DCSP-SPYR,Central,SPYR,Phayathai road,KE000038,Grand Diamond,SHOP,1 - SHOP,0.07,2.65,PICKUP,112,SPYR-T06,70%,671
DCSP-SPYR,Central,SPYR,Phayathai road,KE000196,Shibuya,SHOP,1 - SHOP,0.04,2.69,PICKUP,111,SPYR-T07,69%,782
DCSP-SPYR,Central,SPYR,Phayathai road,KE000025,Center One,SHOP,1 - SHOP,0.04,2.73,PICKUP,142,SPYR-T08,89%,924
DCSP-SPYR,Central,SPYR,Phayathai road,KE000047,Krung Thong Plaza,SHOP,1 - SHOP,0.07,2.8,PICKUP,146,SPYR-T09,91%,1070
DCSP-SPYR,Central,SPYR,Phayathai road,KE000068,Platinum 7,SHOP,1 - SHOP,0.16,2.96,PICKUP,125,SPYR-T10,78%,1195
DCSP-SPYR,Central,SPYR,Phayathai road,KE000023,Central World,SHOP,1 - SHOP,0.15,3.11,PICKUP,125,SPYR-T11,78%,1320
DCSP-SPYR,Central,SPYR,Phayathai road,KE000069,Platinum,SHOP,1 - SHOP,0.33,3.44,PICKUP,109,SPYR-T13,68%,1429
DCSP-SPYR,Central,SPYR,Phayathai road,KE000069,Platinum,SHOP,1 - SHOP,0,3.44,PICKUP,109,SPYR-T13,68%,1538
DCSP-SPYR,Central,SPYR,Phayathai road,KE000019,BTS Siam,SHOP,1 - SHOP,0.56,4,PICKUP,127,SPYR-T15,79%,1665
DCSP-SPYR,Central,SPYR,Phayathai road,KE000019,BTS Siam,SHOP,1 - SHOP,0,4,PICKUP,127,SPYR-T15,79%,1792
DCSP-SPYR,Central,SPYR,Phayathai road,KE000200,Siam Square one,SHOP,1 - SHOP,0.09,4.1,PICKUP,140,SPYR-T17,88%,1932
DCSP-SPYR,Central,SPYR,Phayathai road,KE000200,Siam Square one,SHOP,1 - SHOP,0,4.1,PICKUP,140,SPYR-T17,88%,2072
DCSP-SPYR,Central,SPYR,Phayathai road,KE000045,MBK Center,SHOP,1 - SHOP,0.5,4.59,PICKUP,83,SPYR-T19,52%,2155
DCSP-SPYR,Central,SPYR,Phayathai road,KE000045,MBK Center,SHOP,1 - SHOP,0,4.59,PICKUP,83,SPYR-T19,52%,2238
DCSP-SPYR,Central,SPYR,Phayathai road,KE000028,Chula soi 16,SHOP,1 - SHOP,0.57,5.16,PICKUP,103,SPYR-T21,64%,2341
DCSP-SPYR,Central,SPYR,Phayathai road,KE000028,Chula soi 16,SHOP,1 - SHOP,0,5.16,PICKUP,103,SPYR-T21,64%,2444
DCSP-SPYR,Central,SPYR,Phayathai road,KE000140,Shop Rongmueang,SHOP,1 - SHOP,0.5,5.66,PICKUP,133,SPYR-T23,83%,2577
DCSP-SPYR,Central,SPYR,Phayathai road,KE000140,Shop Rongmueang,SHOP,1 - SHOP,0,5.66,PICKUP,133,SPYR-T23,83%,2710
DCSP-SPYR,Central,SPYR,Phayathai road,KE000011,Bo Bae,SHOP,1 - SHOP,1.23,6.88,PICKUP,144,SPYR-T25,90%,2854
DCSP-SPYR,Central,SPYR,Phayathai road,KE000011,Bo Bae,SHOP,1 - SHOP,0,6.88,PICKUP,144,SPYR-T25,90%,2998
DCSP-SPYR,Central,SPYR,Phayathai road,KE000048,Klongthom Center,SHOP,1 - SHOP,1.29,8.18,PICKUP,137,SPYR-T27,86%,3135
DCSP-SPYR,Central,SPYR,Phayathai road,KE000048,Klongthom Center,SHOP,1 - SHOP,0,8.18,PICKUP,137,SPYR-T27,86%,3272
DCSP-SPYR,Central,SPYR,Phayathai road,KE000026,Capital Plaza,SHOP,1 - SHOP,0.16,8.34,PICKUP,142,SPYR-T29,89%,3414
DCSP-SPYR,Central,SPYR,Phayathai road,KE000026,Capital Plaza,SHOP,1 - SHOP,0,8.34,PICKUP,142,SPYR-T29,89%,3556
DCSP-SPYR,Central,SPYR,Phayathai road,KE000056,Mega Plaza Floor 1,SHOP,1 - SHOP,0.5,8.84,PICKUP,154,SPYR-T30,96%,3710
DCSP-SPYR,Central,SPYR,Phayathai road,KE000219,Wong Wian Odeon,SHOP,1 - SHOP,1.34,10.18,PICKUP,99,SPYR-T32,62%,3809
DCSP-SPYR,Central,SPYR,Phayathai road,KE000219,Wong Wian Odeon,SHOP,1 - SHOP,0,10.18,PICKUP,99,SPYR-T32,62%,3908
DCSP-SPYR,Central,SPYR,Phayathai road,KE000040,Gaysorn Plaza,SHOP,1 - SHOP,3.12,13.31,PICKUP,116,SPYR-T33,72%,4024
DCSP-SPYR,Central,SPYR,Phayathai road,KE000168,Supreme Sam Sen,SHOP,1 - SHOP,5.77,19.08,PICKUP,107,SPYR-T34,67%,4131
DCSP-SPYR,Central,SPYR,Phayathai road,PSP000099,MIXSHOP,PSP,2 - PSP,4.7,23.78,PICKUP,74,SPYR-T36,46%,4205
DCSP-SPYR,Central,SPYR,Phayathai road,PSP000099,MIXSHOP,PSP,2 - PSP,0,23.78,PICKUP,74,SPYR-T36,46%,4279
DCSP-SPYR,Central,SPYR,Phayathai road,PSP000173,บ้านสามใบเถา,PSP,2 - PSP,0.71,24.49,PICKUP,65,SPYR-T36,41%,4344
DCSP-SPYR,Central,SPYR,Phayathai road,PSP000033,C'flower&desingn,PSP,2 - PSP,0.41,24.91,PICKUP,81,SPYR-T37,51%,4425
DCSP-SPYR,Central,SPYR,Phayathai road,PSP000052,Henri Coffee,PSP,2 - PSP,1.33,26.24,PICKUP,58,SPYR-T37,36%,4483
DCSP-SPYR,Central,SPYR,Phayathai road,PSP000255,แอมบาสเดอร์การแว่น,PSP,2 - PSP,1.25,27.48,PICKUP,57,SPYR-T38,36%,4540
DCSP-SPYR,Central,SPYR,Phayathai road,PSP000255,แอมบาสเดอร์การแว่น,PSP,2 - PSP,0,27.48,PICKUP,57,SPYR-T38,36%,4597
DCSP-SPYR,Central,SPYR,Phayathai road,PSP000177,RADACHA ARRAYASUROJ,PSP,2 - PSP,1.05,28.53,PICKUP,56,SPYR-T39,35%,4653
DCSP-SPYR,Central,SPYR,Phayathai road,PSP000177,RADACHA ARRAYASUROJ,PSP,2 - PSP,0,28.53,PICKUP,56,SPYR-T39,35%,4709
DCSP-SPYR,Central,SPYR,Phayathai road,PSP000244,วิรารัตน์,PSP,2 - PSP,0.6,29.13,PICKUP,78,SPYR-T40,49%,4787
DCSP-SPYR,Central,SPYR,Phayathai road,PSP000244,วิรารัตน์,PSP,2 - PSP,0,29.13,PICKUP,78,SPYR-T40,49%,4865
DCSP-SPYR,Central,SPYR,Phayathai road,PSP000612,เอ็นจอยมินิมาร์ท,PSP,2 - PSP,0.66,29.79,PICKUP,94,SPYR-T42,59%,4959
DCSP-SPYR,Central,SPYR,Phayathai road,PSP000612,เอ็นจอยมินิมาร์ท,PSP,2 - PSP,0,29.79,PICKUP,94,SPYR-T42,59%,5053
DCSP-SPYR,Central,SPYR,Phayathai road,PSP000058,sign vision,PSP,2 - PSP,0.32,30.11,PICKUP,64,SPYR-T44,40%,5117
DCSP-SPYR,Central,SPYR,Phayathai road,PSP000058,sign vision,PSP,2 - PSP,0,30.11,PICKUP,64,SPYR-T44,40%,5181
DCSP-SPYR,Central,SPYR,Phayathai road,PSP000054,NK,PSP,2 - PSP,0.83,30.94,PICKUP,97,SPYR-T45,61%,5278
DCSP-SPYR,Central,SPYR,Phayathai road,PSP000054,NK,PSP,2 - PSP,0,30.94,PICKUP,97,SPYR-T45,61%,5375
DCSP-SPYR,Central,SPYR,Phayathai road,PSP000084,MHJ,PSP,2 - PSP,0.43,31.37,PICKUP,97,SPYR-T47,61%,5472
DCSP-SPYR,Central,SPYR,Phayathai road,PSP000084,MHJ,PSP,2 - PSP,0,31.37,PICKUP,97,SPYR-T47,61%,5569
DCSP-SPYR,Central,SPYR,Phayathai road,PSP000148,รุ่งอรุณอะไหล่,PSP,2 - PSP,0.4,31.76,PICKUP,99,SPYR-T48,62%,5668
DCSP-SPYR,Central,SPYR,Phayathai road,PSP000148,รุ่งอรุณอะไหล่,PSP,2 - PSP,0,31.76,PICKUP,99,SPYR-T48,62%,5767
DCSP-SPYR,Central,SPYR,Phayathai road,PSP000083,Lorcharean,PSP,2 - PSP,0.59,32.35,PICKUP,78,SPYR-T49,49%,5845
DCSP-SPYR,Central,SPYR,Phayathai road,PSP000060,Golden Mt.,PSP,2 - PSP,0.56,32.91,PICKUP,61,SPYR-T50,38%,5906
DCSP-SPYR,Central,SPYR,Phayathai road,PSP000060,Golden Mt.,PSP,2 - PSP,0,32.91,PICKUP,61,SPYR-T50,38%,5967
DCSP-SPYR,Central,SPYR,Phayathai road,PSP000164,ผ่านฟ้าบุ๊คเซ็นเตอร์,PSP,2 - PSP,0.54,33.44,PICKUP,82,SPYR-T52,51%,6049
DCSP-SPYR,Central,SPYR,Phayathai road,PSP000164,ผ่านฟ้าบุ๊คเซ็นเตอร์,PSP,2 - PSP,0,33.44,PICKUP,82,SPYR-T52,51%,6131
DCSP-SPYR,Central,SPYR,Phayathai road,PSP000091,B.SAVE,PSP,2 - PSP,1.92,35.36,PICKUP,99,SPYR-T53,62%,6230
DCSP-SPYR,Central,SPYR,Phayathai road,PSP000029,K'Noi Hinmongkol 888,PSP,2 - PSP,1.43,36.79,PICKUP,61,SPYR-T53,38%,6291
DCSP-SPYR,Central,SPYR,Phayathai road,RTSP001262,ท็อปส์เดลี่ ตลาดศรีวานิช,RTSP,3 - RTSP,6.07,42.86,PICKUP,31,SPYR-T54,19%,6322
DCSP-SPYR,Central,SPYR,Phayathai road,RTSP001262,ท็อปส์เดลี่ ตลาดศรีวานิช,RTSP,3 - RTSP,0,42.86,PICKUP,31,SPYR-T54,19%,6353
DCSP-SPYR,Central,SPYR,Phayathai road,RTSP004318,โกเฟรช -รางน้ำ,RTSP,3 - RTSP,0.56,43.42,PICKUP,46,SPYR-T54,29%,6399
DCSP-SPYR,Central,SPYR,Phayathai road,RTSP002193,ลอว์สัน เอ็กซ์ที พญาไท,RTSP,3 - RTSP,0.34,43.75,PICKUP,44,SPYR-T55,28%,6443
DCSP-SPYR,Central,SPYR,Phayathai road,RTSP000104,บีทูเอส สาขาเซ็นจูรี่พญาไท,RTSP,3 - RTSP,0.55,44.3,PICKUP,28,SPYR-T55,18%,6471
DCSP-SPYR,Central,SPYR,Phayathai road,RTSP000104,บีทูเอส สาขาเซ็นจูรี่พญาไท,RTSP,3 - RTSP,0,44.3,PICKUP,28,SPYR-T55,18%,6499
DCSP-SPYR,Central,SPYR,Phayathai road,RTSP003130,โลตัส โกเฟรช -เซ็นเตอร์วัน กรุงเทพ,RTSP,3 - RTSP,0.33,44.63,PICKUP,20,SPYR-T55,12%,6519
DCSP-SPYR,Central,SPYR,Phayathai road,RTSP001246,ท็อปส์ เดลี่ โรงพยาบาลเด็ก,RTSP,3 - RTSP,0.45,45.09,PICKUP,27,SPYR-T56,17%,6546
DCSP-SPYR,Central,SPYR,Phayathai road,RTSP001246,ท็อปส์ เดลี่ โรงพยาบาลเด็ก,RTSP,3 - RTSP,0,45.09,PICKUP,27,SPYR-T56,17%,6573
DCSP-SPYR,Central,SPYR,Phayathai road,RTSP006231,ท็อปส์ เดอะ ซีชั่น พหล 1,RTSP,3 - RTSP,0.54,45.62,PICKUP,53,SPYR-T56,33%,6626
DCSP-SPYR,Central,SPYR,Phayathai road,RTSP006005,ออฟฟิศเมท สาขา เดอะ ซีซันส์ มอลล์,RTSP,3 - RTSP,0.12,45.74,PICKUP,10,SPYR-T56,6%,6636
DCSP-SPYR,Central,SPYR,Phayathai road,RTSP001456,ฟาสซิโน สาขา ปตท สนามเป้า,RTSP,3 - RTSP,0.07,45.81,PICKUP,56,SPYR-T57,35%,6692
DCSP-SPYR,Central,SPYR,Phayathai road,RTSP002119,P3755 ลอว์สัน ฟาร์ อีสต์,RTSP,3 - RTSP,1.31,47.11,PICKUP,47,SPYR-T57,29%,6739
DCSP-SPYR,Central,SPYR,Phayathai road,RTSP002119,P3755 ลอว์สัน ฟาร์ อีสต์,RTSP,3 - RTSP,0,47.11,PICKUP,47,SPYR-T57,29%,6786
DCSP-SPYR,Central,SPYR,Phayathai road,RTSP006318,ท็อปส์ เดลี่ เจริญผล,RTSP,3 - RTSP,1.17,48.29,PICKUP,44,SPYR-T58,28%,6830
DCSP-SPYR,Central,SPYR,Phayathai road,RTSP006318,ท็อปส์ เดลี่ เจริญผล,RTSP,3 - RTSP,0,48.29,PICKUP,44,SPYR-T58,28%,6874
DCSP-SPYR,Central,SPYR,Phayathai road,RTSP004237,โลตัส Hyper -พระราม 1,RTSP,3 - RTSP,0.45,48.73,PICKUP,39,SPYR-T58,24%,6913
DCSP-SPYR,Central,SPYR,Phayathai road,RTSP004237,โลตัส Hyper -พระราม 1,RTSP,3 - RTSP,0,48.73,PICKUP,39,SPYR-T58,24%,6952
DCSP-SPYR,Central,SPYR,Phayathai road,RTSP002200,ลอว์สัน สยาม ปทุมวัน เฮ้าส์,RTSP,3 - RTSP,0.67,49.4,PICKUP,21,SPYR-T59,13%,6973
DCSP-SPYR,Central,SPYR,Phayathai road,RTSP002200,ลอว์สัน สยาม ปทุมวัน เฮ้าส์,RTSP,3 - RTSP,0,49.4,PICKUP,21,SPYR-T59,13%,6994
DCSP-SPYR,Central,SPYR,Phayathai road,RTSP001517,กูร์เมต์ สาขาสยามพารากอน,RTSP,3 - RTSP,0.47,49.87,PICKUP,53,SPYR-T59,33%,7047
DCSP-SPYR,Central,SPYR,Phayathai road,RTSP001517,กูร์เมต์ สาขาสยามพารากอน,RTSP,3 - RTSP,0,49.87,PICKUP,53,SPYR-T59,33%,7100
DCSP-SPYR,Central,SPYR,Phayathai road,RTSP001831,SMT Siam Paragon FL 4,RTSP,3 - RTSP,0.05,49.92,PICKUP,39,SPYR-T60,24%,7139
DCSP-SPYR,Central,SPYR,Phayathai road,RTSP001831,SMT Siam Paragon FL 4,RTSP,3 - RTSP,0,49.92,PICKUP,39,SPYR-T60,24%,7178
DCSP-SPYR,Central,SPYR,Phayathai road,RTSP000432,เซ็นทรัล ฟู้ด ฮอลล์ สาขาเซ็นทรัล เวิลด์,RTSP,3 - RTSP,0.15,50.08,PICKUP,48,SPYR-T61,30%,7226
DCSP-SPYR,Central,SPYR,Phayathai road,RTSP000432,เซ็นทรัล ฟู้ด ฮอลล์ สาขาเซ็นทรัล เวิลด์,RTSP,3 - RTSP,0,50.08,PICKUP,48,SPYR-T61,30%,7274
DCSP-SPYR,Central,SPYR,Phayathai road,RTSP000009,บีทูเอส เซ็นทรัลเวิลด์,RTSP,3 - RTSP,0.32,50.39,PICKUP,57,SPYR-T61,36%,7331
DCSP-SPYR,Central,SPYR,Phayathai road,RTSP000969,ท็อปส์เดลี่ ออฟฟิศเซ็นทรัลเวิลด์,RTSP,3 - RTSP,0.03,50.42,PICKUP,10,SPYR-T61,6%,7341
DCSP-SPYR,Central,SPYR,Phayathai road,RTSP001960,เจมาร์ท บิ๊กซีราชดำริ ชั้น3,RTSP,3 - RTSP,0.17,50.59,PICKUP,57,SPYR-T62,36%,7398
DCSP-SPYR,Central,SPYR,Phayathai road,RTSP000146,บิ๊กซี ราชดำริ,RTSP,3 - RTSP,0.05,50.64,PICKUP,35,SPYR-T62,22%,7433
DCSP-SPYR,Central,SPYR,Phayathai road,RTSP005325,มินิบิ๊กซี ราชดำริ,RTSP,3 - RTSP,0.04,50.68,PICKUP,25,SPYR-T62,16%,7458
DCSP-SPYR,Central,SPYR,Phayathai road,RTSP001985,เจมาร์ท สมาร์ทโฟนเซ็นทรัลเวิล์ด ชั้น 4,RTSP,3 - RTSP,0.24,50.92,PICKUP,32,SPYR-T62,20%,7490
DCSP-SPYR,Central,SPYR,Phayathai road,RTSP006375,ท็อปส์เดลี่ ชิดลม 19,RTSP,3 - RTSP,0.53,51.45,PICKUP,54,SPYR-T63,34%,7544
DCSP-SPYR,Central,SPYR,Phayathai road,RTSP003565,โลตัส โกเฟรช -Im Park กรุงเทพฯ,RTSP,3 - RTSP,2.18,53.64,PICKUP,33,SPYR-T63,21%,7577
DCSP-SPYR,Central,SPYR,Phayathai road,RTSP003565,โลตัส โกเฟรช -Im Park กรุงเทพฯ,RTSP,3 - RTSP,0,53.64,PICKUP,33,SPYR-T63,21%,7610
DCSP-SPYR,Central,SPYR,Phayathai road,RTSP005298,มินิบิ๊กซี ทีซีซี อาคารพลับพลาไชย,RTSP,3 - RTSP,1.65,55.29,PICKUP,50,SPYR-T64,31%,7660
DCSP-SPYR,Central,SPYR,Phayathai road,RTSP005298,มินิบิ๊กซี ทีซีซี อาคารพลับพลาไชย,RTSP,3 - RTSP,0,55.29,PICKUP,50,SPYR-T64,31%,7710
DCSP-SPYR,Central,SPYR,Phayathai road,RTSP002260,โลตัส ไชน่าทาวน์,RTSP,3 - RTSP,0.52,55.8,PICKUP,38,SPYR-T64,24%,7748
DCSP-SPYR,Central,SPYR,Phayathai road,RTSP002260,โลตัส ไชน่าทาวน์,RTSP,3 - RTSP,0,55.8,PICKUP,38,SPYR-T64,24%,7786
DCSP-SPYR,Central,SPYR,Phayathai road,RTSP004825,มินิบิ๊กซี ทีซีซีเยาวราช,RTSP,3 - RTSP,0.09,55.89,PICKUP,36,SPYR-T65,22%,7822
DCSP-SPYR,Central,SPYR,Phayathai road,RTSP004825,มินิบิ๊กซี ทีซีซีเยาวราช,RTSP,3 - RTSP,0,55.89,PICKUP,36,SPYR-T65,22%,7858
DCSP-SPYR,Central,SPYR,Phayathai road,RTSP000144,BigC Food Place ดิโอลด์สยาม,RTSP,3 - RTSP,1.04,56.93,PICKUP,57,SPYR-T65,36%,7915
DCSP-SPYR,Central,SPYR,Phayathai road,RTSP001020,ท็อปส์เดลี่ ซัสโก้ หลานหลวง (ปั๊มน้ำมัน),RTSP,3 - RTSP,1.43,58.36,PICKUP,58,SPYR-T66,36%,7973
DCSP-SPYR,Central,SPYR,Phayathai road,RTSP001020,ท็อปส์เดลี่ ซัสโก้ หลานหลวง (ปั๊มน้ำมัน),RTSP,3 - RTSP,0,58.36,PICKUP,58,SPYR-T66,36%,8031
DCSP-SPYR,Central,SPYR,Phayathai road,RTSP006066,ตั้งฮั่วเส็ง บางลำพู,RTSP,3 - RTSP,1.26,59.62,PICKUP,47,SPYR-T66,29%,8078
DCSP-SPYR,Central,SPYR,Phayathai road,RTSP001581,อินทนิล กรมส่งเสริมสหกรณ์,RTSP,3 - RTSP,1.1,60.72,PICKUP,37,SPYR-T67,23%,8115
DCSP-SPYR,Central,SPYR,Phayathai road,RTSP005295,มินิบิ๊กซี ตลาดศรีย่าน,RTSP,3 - RTSP,2.02,62.74,PICKUP,11,SPYR-T67,7%,8126
DCSP-SPYR,Central,SPYR,Phayathai road,RTSP004278,โกเฟรช -ศรีย่าน,RTSP,3 - RTSP,0.27,63.01,PICKUP,41,SPYR-T67,26%,8167
DCSP-SPYR,Central,SPYR,Phayathai road,RTSP003106,โลตัส โกเฟรช -แยกพิชัย,RTSP,3 - RTSP,0.84,63.85,PICKUP,19,SPYR-T67,12%,8186
DCSP-SPYR,Central,SPYR,Phayathai road,SPYR,Phayathai road,DCSP,HUB,3.63,67.48,RETURN TO HUB,—,—,—,8186
DCSP-SRM1,Central,SRM1,Rama 1,SRM1,Rama 1,DCSP,HUB,0,0,START,—,—,—,0
DCSP-SRM1,Central,SRM1,Rama 1,KE000062,The Parq,SHOP,1 - SHOP,0.99,0.99,PICKUP,123,SRM1-T01,77%,123
DCSP-SRM1,Central,SRM1,Rama 1,KE000211,Khlongtoei,SHOP,1 - SHOP,0.94,1.93,PICKUP,112,SRM1-T02,70%,235
DCSP-SRM1,Central,SRM1,Rama 1,KE000049,K-VILLAGE,SHOP,1 - SHOP,0.28,2.21,PICKUP,91,SRM1-T03,57%,326
DCSP-SRM1,Central,SRM1,Rama 1,KE000017,BTS Phrom Phong,SHOP,1 - SHOP,1.15,3.36,PICKUP,125,SRM1-T04,78%,451
DCSP-SRM1,Central,SRM1,Rama 1,KE000198,SLOM,SHOP,1 - SHOP,3.66,7.02,PICKUP,92,SRM1-T06,57%,543
DCSP-SRM1,Central,SRM1,Rama 1,KE000198,SLOM,SHOP,1 - SHOP,0,7.02,PICKUP,92,SRM1-T06,57%,635
DCSP-SRM1,Central,SRM1,Rama 1,KE000018,BTS Sala Daeng,SHOP,1 - SHOP,0.46,7.48,PICKUP,95,SRM1-T08,59%,730
DCSP-SRM1,Central,SRM1,Rama 1,KE000018,BTS Sala Daeng,SHOP,1 - SHOP,0,7.48,PICKUP,95,SRM1-T08,59%,825
DCSP-SRM1,Central,SRM1,Rama 1,KE000202,Sam Yann Mit town,SHOP,1 - SHOP,0.84,8.32,PICKUP,139,SRM1-T10,87%,964
DCSP-SRM1,Central,SRM1,Rama 1,KE000202,Sam Yann Mit town,SHOP,1 - SHOP,0,8.32,PICKUP,139,SRM1-T10,87%,1103
DCSP-SRM1,Central,SRM1,Rama 1,KE000015,BTS Chongnonsri,SHOP,1 - SHOP,1.33,9.65,PICKUP,115,SRM1-T11,72%,1218
DCSP-SRM1,Central,SRM1,Rama 1,KE000059,Nang Linchi,SHOP,1 - SHOP,2.56,12.21,PICKUP,103,SRM1-T12,64%,1321
DCSP-SRM1,Central,SRM1,Rama 1,PSP000120,โมเดิร์น อิมเมจ,PSP,2 - PSP,3.86,16.07,PICKUP,65,SRM1-T13,41%,1386
DCSP-SRM1,Central,SRM1,Rama 1,RTSP002127,P3679ลอว์สัน MEA คลองเตย - Lawson MEA Khlong Toei,RTSP,3 - RTSP,1.73,17.8,PICKUP,17,SRM1-T13,11%,1403
DCSP-SRM1,Central,SRM1,Rama 1,RTSP002190,ลอว์สัน ศูนย์การประชุมแห่งชาติสิริกิติ์,RTSP,3 - RTSP,0.48,18.28,PICKUP,33,SRM1-T13,21%,1436
DCSP-SRM1,Central,SRM1,Rama 1,RTSP001643,อินทนิล ศูนย์การประชุมแห่งชาติสิริกิติ์,RTSP,3 - RTSP,0.09,18.37,PICKUP,47,SRM1-T14,29%,1483
DCSP-SRM1,Central,SRM1,Rama 1,RTSP005051,บิ๊กซีมินิ ศูนย์ฯสิริกิติ์,RTSP,3 - RTSP,0.09,18.46,PICKUP,14,SRM1-T14,9%,1497
DCSP-SRM1,Central,SRM1,Rama 1,RTSP002126,P3637ลอว์สัน เศรษฐทวีทรัพย์ 1 - Lawson Setthathaweesap 1,RTSP,3 - RTSP,0.35,18.82,PICKUP,44,SRM1-T14,28%,1541
DCSP-SRM1,Central,SRM1,Rama 1,RTSP001440,ฟาสซิโน สาขา สุขุมวิท 24,RTSP,3 - RTSP,0.35,19.17,PICKUP,37,SRM1-T14,23%,1578
DCSP-SRM1,Central,SRM1,Rama 1,RTSP002125,P3465ลอว์สัน เอ็มโพริโอ - Lawson Emporio,RTSP,3 - RTSP,0.17,19.34,PICKUP,5,SRM1-T14,3%,1583
DCSP-SRM1,Central,SRM1,Rama 1,RTSP004284,โกเฟรช -พระราม 4,RTSP,3 - RTSP,0.41,19.75,PICKUP,47,SRM1-T15,29%,1630
DCSP-SRM1,Central,SRM1,Rama 1,RTSP001995,เจมาร์ท โลตัสพระราม 4 ชั้น 1,RTSP,3 - RTSP,0.36,20.11,PICKUP,37,SRM1-T15,23%,1667
DCSP-SRM1,Central,SRM1,Rama 1,RTSP004217,โลตัส Extra -พระราม 4,RTSP,3 - RTSP,0.08,20.19,PICKUP,41,SRM1-T15,26%,1708
DCSP-SRM1,Central,SRM1,Rama 1,RTSP000261,บิ๊กซี พระราม 4,RTSP,3 - RTSP,0.19,20.38,PICKUP,55,SRM1-T16,34%,1763
DCSP-SRM1,Central,SRM1,Rama 1,RTSP001595,อินทนิล พระราม 4 อาคารมาลีนนท์,RTSP,3 - RTSP,0.3,20.69,PICKUP,7,SRM1-T16,4%,1770
DCSP-SRM1,Central,SRM1,Rama 1,RTSP002169,P3623ลอว์สัน สุขุมวิท 39 - Sukhumvit 39,RTSP,3 - RTSP,1.5,22.18,PICKUP,35,SRM1-T16,22%,1805
DCSP-SRM1,Central,SRM1,Rama 1,RTSP001518,กูร์เมต์ สาขาเอ็มควอเทียร์,RTSP,3 - RTSP,0.23,22.41,PICKUP,39,SRM1-T16,24%,1844
DCSP-SRM1,Central,SRM1,Rama 1,RTSP001075,ท็อปส์เดลี่ สุขุมวิท35,RTSP,3 - RTSP,0.17,22.59,PICKUP,55,SRM1-T17,34%,1899
DCSP-SRM1,Central,SRM1,Rama 1,RTSP002170,P3635ลอว์สัน สุขุมวิท 22 - Sukhumvit 22,RTSP,3 - RTSP,0.38,22.97,PICKUP,16,SRM1-T17,10%,1915
DCSP-SRM1,Central,SRM1,Rama 1,RTSP002163,P3508ลอว์สัน ชามา สุขุมวิท 16 - Shama Sukumvit 16,RTSP,3 - RTSP,0.43,23.39,PICKUP,54,SRM1-T17,34%,1969
DCSP-SRM1,Central,SRM1,Rama 1,RTSP005266,มินิบิ๊กซีวันแบงค็อก กรุงเทพมหานคร,RTSP,3 - RTSP,1.41,24.8,PICKUP,8,SRM1-T17,5%,1977
DCSP-SRM1,Central,SRM1,Rama 1,RTSP005266,มินิบิ๊กซีวันแบงค็อก กรุงเทพมหานคร,RTSP,3 - RTSP,0,24.8,PICKUP,8,SRM1-T17,5%,1985
DCSP-SRM1,Central,SRM1,Rama 1,RTSP004299,โกเฟรช -ซอยสะพานคู่,RTSP,3 - RTSP,0.48,25.28,PICKUP,38,SRM1-T18,24%,2023
DCSP-SRM1,Central,SRM1,Rama 1,RTSP004299,โกเฟรช -ซอยสะพานคู่,RTSP,3 - RTSP,0,25.28,PICKUP,38,SRM1-T18,24%,2061
DCSP-SRM1,Central,SRM1,Rama 1,RTSP001323,ท็อปส์เดลี่ แฟลตทหารเรือทุ่งมหาเมฆ,RTSP,3 - RTSP,0.67,25.95,PICKUP,49,SRM1-T18,31%,2110
DCSP-SRM1,Central,SRM1,Rama 1,RTSP001323,ท็อปส์เดลี่ แฟลตทหารเรือทุ่งมหาเมฆ,RTSP,3 - RTSP,0,25.95,PICKUP,49,SRM1-T18,31%,2159
DCSP-SRM1,Central,SRM1,Rama 1,RTSP001597,อินทนิล สวนพลู,RTSP,3 - RTSP,0.63,26.58,PICKUP,53,SRM1-T19,33%,2212
DCSP-SRM1,Central,SRM1,Rama 1,RTSP001597,อินทนิล สวนพลู,RTSP,3 - RTSP,0,26.58,PICKUP,53,SRM1-T19,33%,2265
DCSP-SRM1,Central,SRM1,Rama 1,RTSP004688,มินิบิ๊กซี มหาวิทยาลัยเทคโนโลยีราชมงคลกรุงเทพ,RTSP,3 - RTSP,0.45,27.03,PICKUP,39,SRM1-T19,24%,2304
DCSP-SRM1,Central,SRM1,Rama 1,RTSP000032,บีทูเอส นางลิ้นจี่,RTSP,3 - RTSP,0.64,27.67,PICKUP,40,SRM1-T19,25%,2344
DCSP-SRM1,Central,SRM1,Rama 1,RTSP001190,ท็อปส์ เดลี่ ทีทีเอ็น นางลิ้นจี่,RTSP,3 - RTSP,0.44,28.11,PICKUP,13,SRM1-T20,8%,2357
DCSP-SRM1,Central,SRM1,Rama 1,RTSP001563,อินทนิล ถนนจันทน์,RTSP,3 - RTSP,0.6,28.71,PICKUP,53,SRM1-T20,33%,2410
DCSP-SRM1,Central,SRM1,Rama 1,RTSP001912,เจมาร์ท JAY IOT CT-Rama III FL 3,RTSP,3 - RTSP,1.03,29.74,PICKUP,39,SRM1-T20,24%,2449
DCSP-SRM1,Central,SRM1,Rama 1,RTSP004223,โลตัส Hyper -พระราม 3,RTSP,3 - RTSP,0.39,30.12,PICKUP,35,SRM1-T20,22%,2484
DCSP-SRM1,Central,SRM1,Rama 1,RTSP002144,P3650ลอว์สัน ซัสโก้ เลียบคลองช่องนนทรี - Lawson Cusco along the Chong Nonsi canal,RTSP,3 - RTSP,0.27,30.4,PICKUP,29,SRM1-T21,18%,2513
DCSP-SRM1,Central,SRM1,Rama 1,RTSP002122,P3685ลอว์สัน ไนท์บริดจ์ ไพร์ม สาทร - Lawson Knightsbridge Prime Sathorn,RTSP,3 - RTSP,2.35,32.75,PICKUP,18,SRM1-T21,11%,2531
DCSP-SRM1,Central,SRM1,Rama 1,RTSP002122,P3685ลอว์สัน ไนท์บริดจ์ ไพร์ม สาทร - Lawson Knightsbridge Prime Sathorn,RTSP,3 - RTSP,0,32.75,PICKUP,18,SRM1-T21,11%,2549
DCSP-SRM1,Central,SRM1,Rama 1,RTSP001600,อินทนิล อาคารธิติเนศ บางรัก,RTSP,3 - RTSP,0.4,33.15,PICKUP,6,SRM1-T21,4%,2555
DCSP-SRM1,Central,SRM1,Rama 1,RTSP002203,เลกาซี่ สาธรธานี,RTSP,3 - RTSP,0.28,33.43,PICKUP,18,SRM1-T21,11%,2573
DCSP-SRM1,Central,SRM1,Rama 1,RTSP000924,ซีเจ ซูเปอร์มาร์เก็ต สีลม,RTSP,3 - RTSP,0.48,33.9,PICKUP,30,SRM1-T21,19%,2603
DCSP-SRM1,Central,SRM1,Rama 1,RTSP001429,ฟาสซิโน สาขา สีลม(ละลายทรัพย์),RTSP,3 - RTSP,0.23,34.13,PICKUP,39,SRM1-T21,24%,2642
DCSP-SRM1,Central,SRM1,Rama 1,RTSP004364,มินิบิ๊กซี ซอย ประชุม ถนนสุรวงศ์,RTSP,3 - RTSP,0.44,34.58,PICKUP,11,SRM1-T22,7%,2653
DCSP-SRM1,Central,SRM1,Rama 1,RTSP005971,ออฟฟิศเมท จิวเวอร์รี่เทรคเซ็นเตอร์,RTSP,3 - RTSP,0.55,35.13,PICKUP,27,SRM1-T22,17%,2680
DCSP-SRM1,Central,SRM1,Rama 1,RTSP001583,อินทนิล สาทร 13,RTSP,3 - RTSP,0.63,35.76,PICKUP,55,SRM1-T22,34%,2735
DCSP-SRM1,Central,SRM1,Rama 1,RTSP005982,ออฟฟิศเมท ยูไนเต็ดเซ็นเตอร์ สีลม,RTSP,3 - RTSP,1.01,36.77,PICKUP,33,SRM1-T22,21%,2768
DCSP-SRM1,Central,SRM1,Rama 1,RTSP000087,บีทูเอส สีลมคอมเพล็กซ์,RTSP,3 - RTSP,0.39,37.16,PICKUP,16,SRM1-T23,10%,2784
DCSP-SRM1,Central,SRM1,Rama 1,RTSP000087,บีทูเอส สีลมคอมเพล็กซ์,RTSP,3 - RTSP,0,37.16,PICKUP,16,SRM1-T23,10%,2800
DCSP-SRM1,Central,SRM1,Rama 1,RTSP002446,โลตัส ซุปเปอร์ มาร์เก็ต SU-จามจุรี สแควร์,RTSP,3 - RTSP,0.57,37.73,PICKUP,28,SRM1-T23,18%,2828
DCSP-SRM1,Central,SRM1,Rama 1,RTSP000300,บิ๊กซี ฟูดส์ เพลส สามย่านมิตรทาวน์,RTSP,3 - RTSP,0.41,38.14,PICKUP,7,SRM1-T23,4%,2835
DCSP-SRM1,Central,SRM1,Rama 1,RTSP000300,บิ๊กซี ฟูดส์ เพลส สามย่านมิตรทาวน์,RTSP,3 - RTSP,0,38.14,PICKUP,7,SRM1-T23,4%,2842
DCSP-SRM1,Central,SRM1,Rama 1,RTSP001599,อินทนิล อาดามุส เฮ้าส์ (หัวลำโพง),RTSP,3 - RTSP,1.16,39.3,PICKUP,13,SRM1-T24,8%,2855
DCSP-SRM1,Central,SRM1,Rama 1,RTSP001599,อินทนิล อาดามุส เฮ้าส์ (หัวลำโพง),RTSP,3 - RTSP,0,39.3,PICKUP,13,SRM1-T24,8%,2868
DCSP-SRM1,Central,SRM1,Rama 1,RTSP001023,ท็อปส์เดลี่ สวนพลู(ปั๊มน้ำมัน),RTSP,3 - RTSP,2.54,41.84,PICKUP,39,SRM1-T24,24%,2907
DCSP-SRM1,Central,SRM1,Rama 1,RTSP001023,ท็อปส์เดลี่ สวนพลู(ปั๊มน้ำมัน),RTSP,3 - RTSP,0,41.84,PICKUP,39,SRM1-T24,24%,2946
DCSP-SRM1,Central,SRM1,Rama 1,RTSP001079,ท็อปส์เดลี่ คาลเท็กซ์ สาทร ซอย 2 (ปั๊มน้ำมัน),RTSP,3 - RTSP,0.41,42.25,PICKUP,53,SRM1-T25,33%,2999
DCSP-SRM1,Central,SRM1,Rama 1,RTSP001079,ท็อปส์เดลี่ คาลเท็กซ์ สาทร ซอย 2 (ปั๊มน้ำมัน),RTSP,3 - RTSP,0,42.25,PICKUP,53,SRM1-T25,33%,3052
DCSP-SRM1,Central,SRM1,Rama 1,SRM1,Rama 1,DCSP,HUB,1.68,43.94,RETURN TO HUB,—,—,—,3052
DCSP-SKKG,East,SKKG,Kingkarw,SKKG,Kingkarw,DCSP,HUB,0,0,START,—,—,—,0
DCSP-SKKG,East,SKKG,Kingkarw,FC000015,Kingkaew,SHOP,1 - SHOP,1.22,1.22,PICKUP,93,SKKG-T01,58%,93
DCSP-SKKG,East,SKKG,Kingkarw,KE000119,Soi Lat Krabang 54,SHOP,1 - SHOP,7.12,8.34,PICKUP,103,SKKG-T02,64%,196
DCSP-SKKG,East,SKKG,Kingkarw,PSP000166,มนนี่,PSP,2 - PSP,5.58,13.92,PICKUP,53,SKKG-T02,33%,249
DCSP-SKKG,East,SKKG,Kingkarw,PSP000180,โบว์ ฟาร์มาซี,PSP,2 - PSP,0.24,14.16,PICKUP,76,SKKG-T03,48%,325
DCSP-SKKG,East,SKKG,Kingkarw,RTSP002582,โกเฟรช -กิ่งแก้ว 36,RTSP,3 - RTSP,3.73,17.89,PICKUP,30,SKKG-T03,19%,355
DCSP-SKKG,East,SKKG,Kingkarw,RTSP002832,โกเฟรช -ซอยกิ่งแก้ว 33,RTSP,3 - RTSP,2.23,20.12,PICKUP,18,SKKG-T03,11%,373
DCSP-SKKG,East,SKKG,Kingkarw,RTSP004594,มินิ บิ๊กซี บางจาก กิ่งแก้ว,RTSP,3 - RTSP,1.6,21.72,PICKUP,51,SKKG-T04,32%,424
DCSP-SKKG,East,SKKG,Kingkarw,RTSP002923,โกเฟรช -กิ่งแก้ว 41-1,RTSP,3 - RTSP,0.4,22.12,PICKUP,6,SKKG-T04,4%,430
DCSP-SKKG,East,SKKG,Kingkarw,RTSP002551,โกเฟรช -ถนนสุขาภิบาล2,RTSP,3 - RTSP,3.21,25.32,PICKUP,39,SKKG-T04,24%,469
DCSP-SKKG,East,SKKG,Kingkarw,RTSP004380,มินิบิ๊กซี สุขาภิบาล 2,RTSP,3 - RTSP,0.03,25.35,PICKUP,12,SKKG-T04,8%,481
DCSP-SKKG,East,SKKG,Kingkarw,RTSP006242,ท็อปส์ เดลี่ หมู่บ้านชวนชื่น อ่อนนุช,RTSP,3 - RTSP,0.28,25.63,PICKUP,43,SKKG-T04,27%,524
DCSP-SKKG,East,SKKG,Kingkarw,RTSP001511,ฟาสซิโน สาขา แจส กรีน ประเวศ,RTSP,3 - RTSP,0.6,26.23,PICKUP,5,SKKG-T04,3%,529
DCSP-SKKG,East,SKKG,Kingkarw,RTSP003142,โลตัส โกเฟรช -สุขาภิบาล2 ซอย24,RTSP,3 - RTSP,1.07,27.29,PICKUP,36,SKKG-T05,22%,565
DCSP-SKKG,East,SKKG,Kingkarw,RTSP005308,มินิบิ๊กซี กาญจนาภิเษก 39,RTSP,3 - RTSP,0.59,27.88,PICKUP,33,SKKG-T05,21%,598
DCSP-SKKG,East,SKKG,Kingkarw,RTSP002638,โกเฟรช -กาญจนาภิเษก 39,RTSP,3 - RTSP,0.17,28.05,PICKUP,19,SKKG-T05,12%,617
DCSP-SKKG,East,SKKG,Kingkarw,RTSP006327,ท็อปส์ เดลี่ เลเนอร์ซองลาดกระบัง54,RTSP,3 - RTSP,9.19,37.24,PICKUP,49,SKKG-T05,31%,666
DCSP-SKKG,East,SKKG,Kingkarw,RTSP006294,ท็อปส์ เดลี่ ลาดกระบัง 54 วิลล่า,RTSP,3 - RTSP,2.12,39.37,PICKUP,43,SKKG-T06,27%,709
DCSP-SKKG,East,SKKG,Kingkarw,SKKG,Kingkarw,DCSP,HUB,8.92,48.28,RETURN TO HUB,—,—,—,709
DCSP-SLKB,East,SLKB,Lat Krabang,SLKB,Lat Krabang,DCSP,HUB,0,0,START,—,—,—,0
DCSP-SLKB,East,SLKB,Lat Krabang,KE000052,Luang Paeng,SHOP,1 - SHOP,9.73,9.73,PICKUP,84,SLKB-T01,52%,84
DCSP-SLKB,East,SLKB,Lat Krabang,PSP000258,ร้านนันทา,PSP,2 - PSP,9.02,18.75,PICKUP,80,SLKB-T02,50%,164
DCSP-SLKB,East,SLKB,Lat Krabang,PSP000137,Cafe Office,PSP,2 - PSP,3.28,22.03,PICKUP,63,SLKB-T02,39%,227
DCSP-SLKB,East,SLKB,Lat Krabang,PSP000265,NS Service,PSP,2 - PSP,5.6,27.63,PICKUP,69,SLKB-T03,43%,296
DCSP-SLKB,East,SLKB,Lat Krabang,PSP000098,V Market,PSP,2 - PSP,10.41,38.04,PICKUP,66,SLKB-T03,41%,362
DCSP-SLKB,East,SLKB,Lat Krabang,RTSP002369,เคหะร่มเกล้า 4,RTSP,3 - RTSP,7.63,45.68,PICKUP,55,SLKB-T04,34%,417
DCSP-SLKB,East,SLKB,Lat Krabang,RTSP000270,บิ๊กซี เคหะร่มเกล้า,RTSP,3 - RTSP,0.51,46.19,PICKUP,16,SLKB-T04,10%,433
DCSP-SLKB,East,SLKB,Lat Krabang,RTSP002379,หมู่บ้านพูนสินธานี 1,RTSP,3 - RTSP,0.48,46.67,PICKUP,5,SLKB-T04,3%,438
DCSP-SLKB,East,SLKB,Lat Krabang,RTSP004287,เคหะร่มเกล้า,RTSP,3 - RTSP,1.23,47.9,PICKUP,32,SLKB-T04,20%,470
DCSP-SLKB,East,SLKB,Lat Krabang,RTSP006053,แมกซ์ มาร์ท ลาดกระบัง3,RTSP,3 - RTSP,1.57,49.46,PICKUP,49,SLKB-T04,31%,519
DCSP-SLKB,East,SLKB,Lat Krabang,RTSP002096,P2975ลอว์สัน ร่มเกล้า21 - Lawson Romklao 21,RTSP,3 - RTSP,0.05,49.52,PICKUP,25,SLKB-T05,16%,544
DCSP-SLKB,East,SLKB,Lat Krabang,RTSP002158,P3495ลอว์สัน เอสโซ่ รำเกล้า - Lawson Esso Ramklao,RTSP,3 - RTSP,1.22,50.73,PICKUP,28,SLKB-T05,18%,572
DCSP-SLKB,East,SLKB,Lat Krabang,RTSP006297,ท็อปส์ เดลี่ บางจาก ร่มเกล้า,RTSP,3 - RTSP,3.04,53.78,PICKUP,20,SLKB-T05,12%,592
DCSP-SLKB,East,SLKB,Lat Krabang,RTSP001063,ท็อปส์เดลี่ ร่มเกล้า 25 -2 (ปั้มน้ำมัน),RTSP,3 - RTSP,0.5,54.28,PICKUP,7,SLKB-T05,4%,599
DCSP-SLKB,East,SLKB,Lat Krabang,RTSP002098,P3519ลอว์สัน แอร์ลิงค์พาร์ค - Lawson Airlink Park,RTSP,3 - RTSP,0.53,54.82,PICKUP,23,SLKB-T05,14%,622
DCSP-SLKB,East,SLKB,Lat Krabang,RTSP001278,ท็อปส์เดลี่ ซอยร่มเกล้า 27,RTSP,3 - RTSP,1.23,56.05,PICKUP,56,SLKB-T05,35%,678
DCSP-SLKB,East,SLKB,Lat Krabang,RTSP002774,โกเฟรช -ช๊อปซิลล่า,RTSP,3 - RTSP,1.29,57.34,PICKUP,12,SLKB-T06,8%,690
DCSP-SLKB,East,SLKB,Lat Krabang,RTSP001282,ท็อปส์เดลี่ ลาดกระบัง24,RTSP,3 - RTSP,0.84,58.18,PICKUP,34,SLKB-T06,21%,724
DCSP-SLKB,East,SLKB,Lat Krabang,RTSP000085,บีทูเอส เดอะพาซิโอ้ ลาดกะบัง,RTSP,3 - RTSP,0.35,58.54,PICKUP,46,SLKB-T06,29%,770
DCSP-SLKB,East,SLKB,Lat Krabang,RTSP002567,โกเฟรช -CM 22 เดอะพาซีโอ,RTSP,3 - RTSP,0.08,58.61,PICKUP,48,SLKB-T06,30%,818
DCSP-SLKB,East,SLKB,Lat Krabang,RTSP000933,บานาน่า สแตนด์อโลน ลาดกระบัง,RTSP,3 - RTSP,0.24,58.85,PICKUP,11,SLKB-T06,7%,829
DCSP-SLKB,East,SLKB,Lat Krabang,RTSP001998,เจมาร์ท โรบินสันลาดกระบัง ชั้น 2,RTSP,3 - RTSP,0.04,58.89,PICKUP,13,SLKB-T07,8%,842
DCSP-SLKB,East,SLKB,Lat Krabang,RTSP000097,บีทูเอส สาขาโรบินสัน ลาดกระบัง,RTSP,3 - RTSP,0.12,59,PICKUP,29,SLKB-T07,18%,871
DCSP-SLKB,East,SLKB,Lat Krabang,RTSP006009,ออฟฟิศเมท สาขาโรบินสัน ลาดกระบัง,RTSP,3 - RTSP,0.18,59.18,PICKUP,30,SLKB-T07,19%,901
DCSP-SLKB,East,SLKB,Lat Krabang,RTSP004963,มินิบิ๊กซี ซอยประชาทร กรุงเทพฯ,RTSP,3 - RTSP,0.68,59.87,PICKUP,6,SLKB-T07,4%,907
DCSP-SLKB,East,SLKB,Lat Krabang,RTSP000324,คาลเท็กซ์ ห้างหุ้นส่วนจำกัด ดาวทองพันล้านเซอร์วิส,RTSP,3 - RTSP,0.9,60.76,PICKUP,8,SLKB-T07,5%,915
DCSP-SLKB,East,SLKB,Lat Krabang,RTSP004294,โกเฟรช -อ่อนนุช,RTSP,3 - RTSP,0.18,60.94,PICKUP,22,SLKB-T07,14%,937
DCSP-SLKB,East,SLKB,Lat Krabang,RTSP000632,ชีเจ เอ็กเพรส สาขา ลาดกระบัง14 -1,RTSP,3 - RTSP,0.74,61.69,PICKUP,10,SLKB-T07,6%,947
DCSP-SLKB,East,SLKB,Lat Krabang,RTSP003203,โลตัส โกเฟรช -ลาดกระบัง 14 กรุงเทพ,RTSP,3 - RTSP,0.09,61.77,PICKUP,46,SLKB-T08,29%,993
DCSP-SLKB,East,SLKB,Lat Krabang,RTSP005741,มินิบิ๊กซี ลาดกระบัง ซอย 14-1,RTSP,3 - RTSP,0.02,61.8,PICKUP,58,SLKB-T08,36%,1051
DCSP-SLKB,East,SLKB,Lat Krabang,RTSP003413,โลตัส โกเฟรช -ถนนพัฒนาชนบท 3 กรุงเทพ,RTSP,3 - RTSP,2.35,64.14,PICKUP,48,SLKB-T08,30%,1099
DCSP-SLKB,East,SLKB,Lat Krabang,RTSP004551,มินิบิ๊กซี ถนนพัฒนาชนบท 3,RTSP,3 - RTSP,0.05,64.2,PICKUP,14,SLKB-T09,9%,1113
DCSP-SLKB,East,SLKB,Lat Krabang,RTSP005220,Big C Mini พัฒนาชนบท 4 กรุงเทพฯ,RTSP,3 - RTSP,1.72,65.92,PICKUP,53,SLKB-T09,33%,1166
DCSP-SLKB,East,SLKB,Lat Krabang,RTSP000909,ชีเจ เอ็กเพรส สาขา พัฒนาชนบท4,RTSP,3 - RTSP,0.36,66.27,PICKUP,16,SLKB-T09,10%,1182
DCSP-SLKB,East,SLKB,Lat Krabang,RTSP003183,โลตัส โกเฟรช -พัฒนาชนบท 4 กรุงเทพฯ,RTSP,3 - RTSP,0.01,66.28,PICKUP,25,SLKB-T09,16%,1207
DCSP-SLKB,East,SLKB,Lat Krabang,RTSP005834,มินิบิ๊กซี หมู่บ้านนักกีฬา ซอย 40,RTSP,3 - RTSP,3.5,69.78,PICKUP,18,SLKB-T09,11%,1225
DCSP-SLKB,East,SLKB,Lat Krabang,RTSP006343,ท็อปส์ เดลี่ กาญจนาภิเษก 23,RTSP,3 - RTSP,0.75,70.54,PICKUP,19,SLKB-T09,12%,1244
DCSP-SLKB,East,SLKB,Lat Krabang,RTSP003438,โลตัส ราษฎร์พัฒนา 16,RTSP,3 - RTSP,2.12,72.66,PICKUP,46,SLKB-T10,29%,1290
DCSP-SLKB,East,SLKB,Lat Krabang,RTSP004588,มินิบิ๊กซี คาลเท็กซ์ เจ้าคุณทหาร,RTSP,3 - RTSP,6.93,79.58,PICKUP,54,SLKB-T10,34%,1344
DCSP-SLKB,East,SLKB,Lat Krabang,RTSP002849,ตลาดบึงบัว,RTSP,3 - RTSP,1.65,81.24,PICKUP,13,SLKB-T10,8%,1357
DCSP-SLKB,East,SLKB,Lat Krabang,RTSP004824,มินิบิ๊กซี นิคมลาดกระบัง,RTSP,3 - RTSP,1.84,83.08,PICKUP,37,SLKB-T10,23%,1394
DCSP-SLKB,East,SLKB,Lat Krabang,RTSP000341,บจก อีซี่ สต๊อบ,RTSP,3 - RTSP,0.38,83.45,PICKUP,59,SLKB-T11,37%,1453
DCSP-SLKB,East,SLKB,Lat Krabang,RTSP006039,แมกซ์ มาร์ท ถนนฉลองกรุง ชื่อเดิมลาดกระบัง6,RTSP,3 - RTSP,0.89,84.34,PICKUP,28,SLKB-T11,18%,1481
DCSP-SLKB,East,SLKB,Lat Krabang,RTSP002124,P3713ลอว์สัน KMITL IDC - Lawson KMITL IDC,RTSP,3 - RTSP,2.47,86.81,PICKUP,22,SLKB-T11,14%,1503
DCSP-SLKB,East,SLKB,Lat Krabang,RTSP001572,อินทนิล สถาบันเทคโนโลยีพระจอมเกล้าคุณทหารลาดกระบัง,RTSP,3 - RTSP,0.26,87.08,PICKUP,56,SLKB-T12,35%,1559
DCSP-SLKB,East,SLKB,Lat Krabang,RTSP006330,ท็อปส์ เดลี่ เค แอล วิลล่า ลาดกระบัง,RTSP,3 - RTSP,0.55,87.62,PICKUP,57,SLKB-T12,36%,1616
DCSP-SLKB,East,SLKB,Lat Krabang,RTSP001281,ท็อปส์เดลี่ เกกีงาม 3,RTSP,3 - RTSP,0.17,87.79,PICKUP,40,SLKB-T12,25%,1656
DCSP-SLKB,East,SLKB,Lat Krabang,RTSP001199,ท็อปส์ เดลี่ เกกีงาม 3,RTSP,3 - RTSP,0.02,87.81,PICKUP,28,SLKB-T13,18%,1684
DCSP-SLKB,East,SLKB,Lat Krabang,RTSP003550,โลตัส โกเฟรช -ลาดกระบัง 11,RTSP,3 - RTSP,0.67,88.49,PICKUP,15,SLKB-T13,9%,1699
DCSP-SLKB,East,SLKB,Lat Krabang,RTSP001279,ท็อปส์เดลี่ ลาดกระบัง42,RTSP,3 - RTSP,0.63,89.12,PICKUP,19,SLKB-T13,12%,1718
DCSP-SLKB,East,SLKB,Lat Krabang,RTSP006299,ท็อปส์ เดลี่ บางจาก เอโอที สุวรรณภูมิ,RTSP,3 - RTSP,1.63,90.74,PICKUP,48,SLKB-T13,30%,1766
DCSP-SLKB,East,SLKB,Lat Krabang,RTSP001301,ท็อปส์เดลี่ อาคารจอดรถผู้โดยสาร,RTSP,3 - RTSP,1.35,92.1,PICKUP,25,SLKB-T13,16%,1791
DCSP-SLKB,East,SLKB,Lat Krabang,RTSP002178,108SHOP อพาร์ทเม้นท์บุญยเล่ย์,RTSP,3 - RTSP,2.96,95.06,PICKUP,32,SLKB-T14,20%,1823
DCSP-SLKB,East,SLKB,Lat Krabang,RTSP001021,ท็อปส์เดลี่ หมู่บ้านจินดานิเวศน์,RTSP,3 - RTSP,0.4,95.46,PICKUP,12,SLKB-T14,8%,1835
DCSP-SLKB,East,SLKB,Lat Krabang,RTSP004304,โกเฟรช -ลาดกระบัง 52,RTSP,3 - RTSP,0.1,95.57,PICKUP,11,SLKB-T14,7%,1846
DCSP-SLKB,East,SLKB,Lat Krabang,RTSP003237,โลตัส โกเฟรช -ลาดกระบัง 54,RTSP,3 - RTSP,0.75,96.31,PICKUP,39,SLKB-T14,24%,1885
DCSP-SLKB,East,SLKB,Lat Krabang,RTSP006259,ท็อปส์ เดลี่ ลาดกระบัง ซอย 54,RTSP,3 - RTSP,0.3,96.61,PICKUP,21,SLKB-T14,13%,1906
DCSP-SLKB,East,SLKB,Lat Krabang,RTSP001176,Top หมู่บ้านเพิ่มสุข,RTSP,3 - RTSP,1.21,97.82,PICKUP,52,SLKB-T15,32%,1958
DCSP-SLKB,East,SLKB,Lat Krabang,RTSP003316,โลตัส Dept Store -ลาดกระบัง,RTSP,3 - RTSP,0.14,97.96,PICKUP,12,SLKB-T15,8%,1970
DCSP-SLKB,East,SLKB,Lat Krabang,RTSP003543,โลตัส โกเฟรช -หลวงแพ่ง,RTSP,3 - RTSP,0.25,98.21,PICKUP,51,SLKB-T15,32%,2021
DCSP-SLKB,East,SLKB,Lat Krabang,RTSP004386,มินิบิ๊กซี หลวงแพ่ง1,RTSP,3 - RTSP,0.08,98.29,PICKUP,29,SLKB-T15,18%,2050
DCSP-SLKB,East,SLKB,Lat Krabang,RTSP006348,ท็อปส์ สหมิตร 1,RTSP,3 - RTSP,0.35,98.64,PICKUP,13,SLKB-T15,8%,2063
DCSP-SLKB,East,SLKB,Lat Krabang,RTSP003263,โลตัส โกเฟรช -ซอยประชาพัฒนา กรุงเทพ,RTSP,3 - RTSP,0.5,99.14,PICKUP,5,SLKB-T16,3%,2068
DCSP-SLKB,East,SLKB,Lat Krabang,RTSP004394,มินิบิ๊กซี เอื้ออาทร ลาดกระบัง 2,RTSP,3 - RTSP,2.15,101.28,PICKUP,11,SLKB-T16,7%,2079
DCSP-SLKB,East,SLKB,Lat Krabang,RTSP002680,โกเฟรช -เคหะเอื้ออาทร,RTSP,3 - RTSP,0.23,101.51,PICKUP,32,SLKB-T16,20%,2111
DCSP-SLKB,East,SLKB,Lat Krabang,RTSP005639,มินิบิ๊กซี เนโกะปาร์ค ลาดกระบัง,RTSP,3 - RTSP,0.26,101.77,PICKUP,10,SLKB-T16,6%,2121
DCSP-SLKB,East,SLKB,Lat Krabang,SLKB,Lat Krabang,DCSP,HUB,11.85,113.62,RETURN TO HUB,—,—,—,2121
DCSP-SPTN,East,SPTN,Pattanakarn,SPTN,Pattanakarn,DCSP,HUB,0,0,START,—,—,—,0
DCSP-SPTN,East,SPTN,Pattanakarn,KE000154,PTT Station Ramkhamhaeng (inbound),SHOP,1 - SHOP,4.61,4.61,PICKUP,106,SPTN-T01,66%,106
DCSP-SPTN,East,SPTN,Pattanakarn,PSP000149,Home Delivery,PSP,2 - PSP,2.99,7.6,PICKUP,55,SPTN-T02,34%,161
DCSP-SPTN,East,SPTN,Pattanakarn,PSP000138,ปันน้ำ,PSP,2 - PSP,1.78,9.38,PICKUP,67,SPTN-T02,42%,228
DCSP-SPTN,East,SPTN,Pattanakarn,PSP000049,"Rano Tech Co.,Ltd",PSP,2 - PSP,1.93,11.31,PICKUP,96,SPTN-T03,60%,324
DCSP-SPTN,East,SPTN,Pattanakarn,PSP000070,แอ๊ดเครื่องเขียน,PSP,2 - PSP,0.86,12.17,PICKUP,63,SPTN-T03,39%,387
DCSP-SPTN,East,SPTN,Pattanakarn,PSP000240,ดานิช คอฟฟี่,PSP,2 - PSP,3.48,15.65,PICKUP,43,SPTN-T04,27%,430
DCSP-SPTN,East,SPTN,Pattanakarn,PSP000140,Tickets and Post Service,PSP,2 - PSP,8.74,24.39,PICKUP,62,SPTN-T04,39%,492
DCSP-SPTN,East,SPTN,Pattanakarn,RTSP006271,ท็อปส์ กรุงเทพกรีฑา 32,RTSP,3 - RTSP,2.46,26.85,PICKUP,34,SPTN-T04,21%,526
DCSP-SPTN,East,SPTN,Pattanakarn,RTSP000319,คอฟฟี่อะเดย์ สาขาปั้มน้ำมันซัสโก้ ทับช้าง กรุงเทพฯ,RTSP,3 - RTSP,0.11,26.96,PICKUP,17,SPTN-T04,11%,543
DCSP-SPTN,East,SPTN,Pattanakarn,RTSP002114,P3581ลอว์สัน กรุงเทพกรีฑา สะพานสูง - Lawson Krungthep Kreetha Saphan Sung,RTSP,3 - RTSP,0.62,27.58,PICKUP,53,SPTN-T05,33%,596
DCSP-SPTN,East,SPTN,Pattanakarn,RTSP002634,โกเฟรช -หมู่บ้านนักกีฬา,RTSP,3 - RTSP,0.51,28.09,PICKUP,36,SPTN-T05,22%,632
DCSP-SPTN,East,SPTN,Pattanakarn,RTSP003264,โลตัส โกเฟรช -เฉลิมพระเกียรติ 87,RTSP,3 - RTSP,1.95,30.04,PICKUP,31,SPTN-T05,19%,663
DCSP-SPTN,East,SPTN,Pattanakarn,RTSP003518,โลตัส โกเฟรช -ปาร์ค99 กรุงเทพฯ,RTSP,3 - RTSP,0.63,30.67,PICKUP,44,SPTN-T06,28%,707
DCSP-SPTN,East,SPTN,Pattanakarn,RTSP002911,โกเฟรช -เฉลิมพระเกียรติ 72,RTSP,3 - RTSP,0.69,31.36,PICKUP,30,SPTN-T06,19%,737
DCSP-SPTN,East,SPTN,Pattanakarn,RTSP001244,ท็อปส์ เดลี่ โรงพยาบาล สิรินธร,RTSP,3 - RTSP,1.23,32.58,PICKUP,29,SPTN-T06,18%,766
DCSP-SPTN,East,SPTN,Pattanakarn,RTSP003255,โลตัส โกเฟรช -เฉลิมพระเกียรติ ซอย 62,RTSP,3 - RTSP,2.47,35.06,PICKUP,17,SPTN-T06,11%,783
DCSP-SPTN,East,SPTN,Pattanakarn,RTSP003433,โลตัส โกเฟรช -อ่อนนุช 65,RTSP,3 - RTSP,2.76,37.82,PICKUP,48,SPTN-T07,30%,831
DCSP-SPTN,East,SPTN,Pattanakarn,RTSP004598,มินิบิ๊กซี อ่อนนุช 65,RTSP,3 - RTSP,0.04,37.85,PICKUP,32,SPTN-T07,20%,863
DCSP-SPTN,East,SPTN,Pattanakarn,RTSP000117,บีทูเอส สาขา กรุงเทพกรีฑา,RTSP,3 - RTSP,3.06,40.91,PICKUP,5,SPTN-T07,3%,868
DCSP-SPTN,East,SPTN,Pattanakarn,RTSP006269,ท็อปส์ เดลี่ เดอะปาร์ค,RTSP,3 - RTSP,0.81,41.72,PICKUP,23,SPTN-T07,14%,891
DCSP-SPTN,East,SPTN,Pattanakarn,RTSP003474,โลตัส โกเฟรช -กรุงเทพกรีฑา 7,RTSP,3 - RTSP,0.71,42.43,PICKUP,43,SPTN-T07,27%,934
DCSP-SPTN,East,SPTN,Pattanakarn,RTSP002199,ลอว์สัน บี กริม,RTSP,3 - RTSP,0.97,43.4,PICKUP,53,SPTN-T08,33%,987
DCSP-SPTN,East,SPTN,Pattanakarn,RTSP005280,มินิ บิ๊กซี บางจาก ศรีนครินทร์ - สมิติเวช,RTSP,3 - RTSP,0.59,43.99,PICKUP,57,SPTN-T08,36%,1044
DCSP-SPTN,East,SPTN,Pattanakarn,RTSP006043,แมกซ์ มาร์ท บางกะปิ3,RTSP,3 - RTSP,0.92,44.91,PICKUP,16,SPTN-T08,10%,1060
DCSP-SPTN,East,SPTN,Pattanakarn,RTSP003169,โลตัส โกเฟรช -รามคำแหง 60,RTSP,3 - RTSP,0.61,45.52,PICKUP,36,SPTN-T09,22%,1096
DCSP-SPTN,East,SPTN,Pattanakarn,RTSP005121,เคอรี่ สาขา Mini Big C รามคำแหง 60 กรุงเทพฯ,RTSP,3 - RTSP,0.06,45.58,PICKUP,19,SPTN-T09,12%,1115
DCSP-SPTN,East,SPTN,Pattanakarn,RTSP004280,โกเฟรช -รามคำแหง O-B(สุขา3),RTSP,3 - RTSP,0.87,46.45,PICKUP,37,SPTN-T09,23%,1152
DCSP-SPTN,East,SPTN,Pattanakarn,RTSP000869,ชีเจ เอ็กเพรส สาขา รามคำแหง68 MORE,RTSP,3 - RTSP,0.49,46.94,PICKUP,7,SPTN-T09,4%,1159
DCSP-SPTN,East,SPTN,Pattanakarn,RTSP003532,โลตัส โกเฟรช -รามคำแหง 68,RTSP,3 - RTSP,0.24,47.18,PICKUP,31,SPTN-T09,19%,1190
DCSP-SPTN,East,SPTN,Pattanakarn,RTSP004338,โกเฟรช -หมู่บ้านสัมมากร,RTSP,3 - RTSP,2.18,49.36,PICKUP,27,SPTN-T09,17%,1217
DCSP-SPTN,East,SPTN,Pattanakarn,RTSP002578,โกเฟรช -รามคำแหง 139,RTSP,3 - RTSP,0.76,50.12,PICKUP,10,SPTN-T10,6%,1227
DCSP-SPTN,East,SPTN,Pattanakarn,RTSP005239,Big C Mini หนองไผ่กลางดอน ชลบุรี),RTSP,3 - RTSP,6.08,56.2,PICKUP,15,SPTN-T10,9%,1242
DCSP-SPTN,East,SPTN,Pattanakarn,RTSP001137,ท็อปส์เดลี่ พระราม9ซอย49,RTSP,3 - RTSP,0.39,56.59,PICKUP,10,SPTN-T10,6%,1252
DCSP-SPTN,East,SPTN,Pattanakarn,RTSP004279,โกเฟรช -พระราม9,RTSP,3 - RTSP,0.49,57.07,PICKUP,45,SPTN-T10,28%,1297
DCSP-SPTN,East,SPTN,Pattanakarn,RTSP001947,เจมาร์ท โลตัสพัฒนาการ ชั้น1,RTSP,3 - RTSP,0.94,58.01,PICKUP,56,SPTN-T10,35%,1353
DCSP-SPTN,East,SPTN,Pattanakarn,RTSP003094,โลตัส Dept Store -พัฒนาการ,RTSP,3 - RTSP,0.02,58.03,PICKUP,36,SPTN-T11,22%,1389
DCSP-SPTN,East,SPTN,Pattanakarn,RTSP001169,ท็อปส์เดลี่ พัฒนาการ51,RTSP,3 - RTSP,0.99,59.02,PICKUP,23,SPTN-T11,14%,1412
DCSP-SPTN,East,SPTN,Pattanakarn,SPTN,Pattanakarn,DCSP,HUB,4.24,63.26,RETURN TO HUB,—,—,—,1412
DCSP-SSTI,East,SSTI,Serithai,SSTI,Serithai,DCSP,HUB,0,0,START,—,—,—,0
DCSP-SSTI,East,SSTI,Serithai,FC000014,Happyland,SHOP,1 - SHOP,3.85,3.85,PICKUP,123,SSTI-T01,77%,123
DCSP-SSTI,East,SSTI,Serithai,KE000010,Bangkapi,SHOP,1 - SHOP,0.55,4.4,PICKUP,141,SSTI-T02,88%,264
DCSP-SSTI,East,SSTI,Serithai,PSP000006,Rawin 101,PSP,2 - PSP,3.16,7.56,PICKUP,86,SSTI-T04,54%,350
DCSP-SSTI,East,SSTI,Serithai,PSP000006,Rawin 101,PSP,2 - PSP,0,7.56,PICKUP,86,SSTI-T04,54%,436
DCSP-SSTI,East,SSTI,Serithai,PSP000151,สิงห์ทอง ลาดพร้าว 130,PSP,2 - PSP,2.27,9.83,PICKUP,98,SSTI-T05,61%,534
DCSP-SSTI,East,SSTI,Serithai,PSP000035,Black Box Ticket,PSP,2 - PSP,1.21,11.04,PICKUP,72,SSTI-T06,45%,606
DCSP-SSTI,East,SSTI,Serithai,PSP000218,เจ้เล็กรวมครุย,PSP,2 - PSP,2.43,13.46,PICKUP,99,SSTI-T07,62%,705
DCSP-SSTI,East,SSTI,Serithai,PSP000226,บุ๊คราม,PSP,2 - PSP,0.43,13.89,PICKUP,59,SSTI-T07,37%,764
DCSP-SSTI,East,SSTI,Serithai,RTSP004430,มินิบิ๊กซี ซอยโพธิ์แก้ว,RTSP,3 - RTSP,4.45,18.34,PICKUP,55,SSTI-T08,34%,819
DCSP-SSTI,East,SSTI,Serithai,RTSP004430,มินิบิ๊กซี ซอยโพธิ์แก้ว,RTSP,3 - RTSP,0,18.34,PICKUP,55,SSTI-T08,34%,874
DCSP-SSTI,East,SSTI,Serithai,RTSP002512,ลาดพร้าว 101,RTSP,3 - RTSP,0.73,19.08,PICKUP,9,SSTI-T08,6%,883
DCSP-SSTI,East,SSTI,Serithai,RTSP002512,ลาดพร้าว 101,RTSP,3 - RTSP,0,19.08,PICKUP,9,SSTI-T08,6%,892
DCSP-SSTI,East,SSTI,Serithai,RTSP003242,โลตัส ลาดพร้าว 101,RTSP,3 - RTSP,0.56,19.64,PICKUP,36,SSTI-T08,22%,928
DCSP-SSTI,East,SSTI,Serithai,RTSP002092,P0969ลอว์สัน มาเมซอง - Lawson Ma Maison,RTSP,3 - RTSP,0.14,19.78,PICKUP,36,SSTI-T09,22%,964
DCSP-SSTI,East,SSTI,Serithai,RTSP002095,P2840ลอว์สัน RBAC - Lawson RBAC,RTSP,3 - RTSP,0.69,20.47,PICKUP,60,SSTI-T09,38%,1024
DCSP-SSTI,East,SSTI,Serithai,RTSP004415,มินิบิ๊กซี ลาดพร้าว 107,RTSP,3 - RTSP,0.2,20.67,PICKUP,6,SSTI-T09,4%,1030
DCSP-SSTI,East,SSTI,Serithai,RTSP002649,แฮปปี้แลนด์,RTSP,3 - RTSP,0.68,21.35,PICKUP,45,SSTI-T09,28%,1075
DCSP-SSTI,East,SSTI,Serithai,RTSP000637,ชีเจ เอ็กเพรส สาขา เคหะคลองจั่น,RTSP,3 - RTSP,0.73,22.08,PICKUP,45,SSTI-T10,28%,1120
DCSP-SSTI,East,SSTI,Serithai,RTSP002347,เคหะคลองจั่น,RTSP,3 - RTSP,0.04,22.12,PICKUP,17,SSTI-T10,11%,1137
DCSP-SSTI,East,SSTI,Serithai,RTSP004277,คลองจั่น,RTSP,3 - RTSP,0.63,22.75,PICKUP,56,SSTI-T10,35%,1193
DCSP-SSTI,East,SSTI,Serithai,RTSP004230,โลตัส บางกะปิ,RTSP,3 - RTSP,0.39,23.15,PICKUP,13,SSTI-T10,8%,1206
DCSP-SSTI,East,SSTI,Serithai,RTSP006314,ท็อปส์ เดลี่ น้อมจิต,RTSP,3 - RTSP,0.15,23.3,PICKUP,41,SSTI-T11,26%,1247
DCSP-SSTI,East,SSTI,Serithai,RTSP001978,เจมาร์ท ไอโอที เดอะมอลล์บางกะปิ ชั้น 2,RTSP,3 - RTSP,0.09,23.39,PICKUP,28,SSTI-T11,18%,1275
DCSP-SSTI,East,SSTI,Serithai,RTSP001939,เจมาร์ท สมาร์ทโฟนเดอะมอลล์บางกะปิ ชั้นG,RTSP,3 - RTSP,0.09,23.48,PICKUP,58,SSTI-T11,36%,1333
DCSP-SSTI,East,SSTI,Serithai,RTSP001516,กูร์เมต์ สาขาบางกะปิ,RTSP,3 - RTSP,0.07,23.55,PICKUP,55,SSTI-T12,34%,1388
DCSP-SSTI,East,SSTI,Serithai,RTSP005975,ออฟฟิศเมท เทสโก้ โลตัส บางกะปิ,RTSP,3 - RTSP,0.2,23.76,PICKUP,10,SSTI-T12,6%,1398
DCSP-SSTI,East,SSTI,Serithai,RTSP005301,มินิบิ๊กซี พันธุ์ทิพย์บางกะปิ,RTSP,3 - RTSP,0.22,23.98,PICKUP,43,SSTI-T12,27%,1441
DCSP-SSTI,East,SSTI,Serithai,RTSP001209,ท็อปส์เดลี่ เคหะคลองจั่น,RTSP,3 - RTSP,0.48,24.46,PICKUP,32,SSTI-T12,20%,1473
DCSP-SSTI,East,SSTI,Serithai,RTSP001334,ท็อปส์เดลี่ เคหะคลองจั่น,RTSP,3 - RTSP,0.02,24.48,PICKUP,59,SSTI-T13,37%,1532
DCSP-SSTI,East,SSTI,Serithai,RTSP000250,บิ๊กซี สุขาภิบาล 3 สาขา 2,RTSP,3 - RTSP,0.87,25.34,PICKUP,5,SSTI-T13,3%,1537
DCSP-SSTI,East,SSTI,Serithai,RTSP005299,มินิบิ๊กซี ทีซีซี ตะวันนา 1,RTSP,3 - RTSP,1.89,27.23,PICKUP,36,SSTI-T13,22%,1573
DCSP-SSTI,East,SSTI,Serithai,RTSP005297,มินิบิ๊กซี ทีซีซี ตะวันนา 2,RTSP,3 - RTSP,0.24,27.47,PICKUP,56,SSTI-T13,35%,1629
DCSP-SSTI,East,SSTI,Serithai,RTSP001022,ท็อปส์เดลี่ ลาดพร้าว 132,RTSP,3 - RTSP,0.62,28.09,PICKUP,53,SSTI-T14,33%,1682
DCSP-SSTI,East,SSTI,Serithai,RTSP002857,โกเฟรช -ลาดพร้าว 130,RTSP,3 - RTSP,0.22,28.31,PICKUP,21,SSTI-T14,13%,1703
DCSP-SSTI,East,SSTI,Serithai,RTSP001314,ท็อปส์เดลี่ โรงพยาบาลรามคำแหง,RTSP,3 - RTSP,1.31,29.62,PICKUP,41,SSTI-T14,26%,1744
DCSP-SSTI,East,SSTI,Serithai,RTSP001191,ท็อปส์เดลี่ โรงพยาบาลรามคำแหง,RTSP,3 - RTSP,0.14,29.76,PICKUP,53,SSTI-T15,33%,1797
DCSP-SSTI,East,SSTI,Serithai,RTSP002367,โกเฟรช-รามคำแหง 50,RTSP,3 - RTSP,0.68,30.45,PICKUP,53,SSTI-T15,33%,1850
DCSP-SSTI,East,SSTI,Serithai,RTSP004666,มินิบิ๊กซี หัวหมาก,RTSP,3 - RTSP,1.29,31.74,PICKUP,48,SSTI-T15,30%,1898
DCSP-SSTI,East,SSTI,Serithai,RTSP001275,ท็อปส์เดลี่ เอแบคคอนโด,RTSP,3 - RTSP,0.68,32.42,PICKUP,9,SSTI-T16,6%,1907
DCSP-SSTI,East,SSTI,Serithai,RTSP001159,ท็อปส์ เดลี่ เอแบคคอนโด,RTSP,3 - RTSP,0.01,32.43,PICKUP,56,SSTI-T16,35%,1963
DCSP-SSTI,East,SSTI,Serithai,RTSP001507,ฟาสซิโน สาขา แม็คโครรามคำแหง24,RTSP,3 - RTSP,0.43,32.86,PICKUP,13,SSTI-T16,8%,1976
DCSP-SSTI,East,SSTI,Serithai,RTSP001627,บางจาก คู่ขนาน-รามอินทรา 1,RTSP,3 - RTSP,5.94,38.8,PICKUP,52,SSTI-T16,32%,2028
DCSP-SSTI,East,SSTI,Serithai,RTSP001669,จิฟฟี่ กรุงเทพฯ - รามอินทรา 1,RTSP,3 - RTSP,0.3,39.1,PICKUP,45,SSTI-T17,28%,2073
DCSP-SSTI,East,SSTI,Serithai,RTSP001594,อินทนิล บางจาก โยธินพัฒนา,RTSP,3 - RTSP,0.77,39.87,PICKUP,59,SSTI-T17,37%,2132
DCSP-SSTI,East,SSTI,Serithai,RTSP000105,บีทูเอส บิ๊กซีเคหะร่มเกล้า,RTSP,3 - RTSP,9.52,49.39,PICKUP,16,SSTI-T17,10%,2148
DCSP-SSTI,East,SSTI,Serithai,RTSP000102,บีทูเอส มาร์เก็ตวิลเลจสุวรรณภูมิ,RTSP,3 - RTSP,11.16,60.55,PICKUP,43,SSTI-T18,27%,2191
DCSP-SSTI,East,SSTI,Serithai,SSTI,Serithai,DCSP,HUB,20.1,80.65,RETURN TO HUB,—,—,—,2191
DCSP-SJKB,North,SJKB,Chorakhe Bua,SJKB,Chorakhe Bua,DCSP,HUB,0,0,START,—,—,—,0
DCSP-SJKB,North,SJKB,Chorakhe Bua,PSP000604,บ้านยามัยลาภ,PSP,2 - PSP,2.75,2.75,PICKUP,66,SJKB-T01,41%,66
DCSP-SJKB,North,SJKB,Chorakhe Bua,PSP000019,"SenseMath Mind Co.,LTD.",PSP,2 - PSP,4.03,6.78,PICKUP,57,SJKB-T01,36%,123
DCSP-SJKB,North,SJKB,Chorakhe Bua,RTSP001322,ท็อปส์เดลี่ ประเสริฐมนูกิจ ซอย 33,RTSP,3 - RTSP,2.34,9.12,PICKUP,58,SJKB-T02,36%,181
DCSP-SJKB,North,SJKB,Chorakhe Bua,RTSP001005,ท็อปส์เดลี่ เอส เอส เซ็นเตอร์,RTSP,3 - RTSP,0.83,9.95,PICKUP,6,SJKB-T02,4%,187
DCSP-SJKB,North,SJKB,Chorakhe Bua,RTSP001889,เจมาร์ท บีซีพีสตรีวิทย์,RTSP,3 - RTSP,0.42,10.37,PICKUP,34,SJKB-T02,21%,221
DCSP-SJKB,North,SJKB,Chorakhe Bua,RTSP005291,มินิ บิ๊กซี บางจาก สตรีวิทยา 2,RTSP,3 - RTSP,0.12,10.49,PICKUP,46,SJKB-T02,29%,267
DCSP-SJKB,North,SJKB,Chorakhe Bua,RTSP000945,ดี-เชน สาขา สำนักงานใหญ่ (บ เมดแคร์ ดี-เชน จำกัด),RTSP,3 - RTSP,0.42,10.9,PICKUP,29,SJKB-T03,18%,296
DCSP-SJKB,North,SJKB,Chorakhe Bua,RTSP004409,มินิบิ๊กซี สุคนธสวัสดิ์,RTSP,3 - RTSP,0.84,11.75,PICKUP,44,SJKB-T03,28%,340
DCSP-SJKB,North,SJKB,Chorakhe Bua,RTSP000910,ชีเจ เอ็กเพรส สาขา ตลาดนัดแยกโรงไม้,RTSP,3 - RTSP,0.25,12,PICKUP,5,SJKB-T03,3%,345
DCSP-SJKB,North,SJKB,Chorakhe Bua,RTSP001035,ท็อปส์เดลี่ แอทโมซ ลาดพร้าว 71,RTSP,3 - RTSP,0.39,12.39,PICKUP,54,SJKB-T03,34%,399
DCSP-SJKB,North,SJKB,Chorakhe Bua,RTSP006063,ซันคอสเมท เดอะ คริสตัล รามอินทรา,RTSP,3 - RTSP,0.82,13.21,PICKUP,20,SJKB-T03,12%,419
DCSP-SJKB,North,SJKB,Chorakhe Bua,RTSP000014,บีทูเอส เดอะคริสตัลพาร์ค ชั้น 2,RTSP,3 - RTSP,0.24,13.45,PICKUP,36,SJKB-T04,22%,455
DCSP-SJKB,North,SJKB,Chorakhe Bua,RTSP001499,ฟาสซิโน แม็คโครประดิษฐ์มนูธรรม,RTSP,3 - RTSP,0.25,13.7,PICKUP,13,SJKB-T04,8%,468
DCSP-SJKB,North,SJKB,Chorakhe Bua,RTSP002402,ลาดพร้าว 71,RTSP,3 - RTSP,0.98,14.67,PICKUP,9,SJKB-T04,6%,477
DCSP-SJKB,North,SJKB,Chorakhe Bua,RTSP004712,มินิบิ๊กซี ซอยนาคนิวาส 37,RTSP,3 - RTSP,0.41,15.08,PICKUP,16,SJKB-T04,10%,493
DCSP-SJKB,North,SJKB,Chorakhe Bua,RTSP000031,บีทูเอส นวมินทร์ ซิตี้,RTSP,3 - RTSP,2.88,17.96,PICKUP,35,SJKB-T04,22%,528
DCSP-SJKB,North,SJKB,Chorakhe Bua,RTSP005207,Big C Mini ซ มัยลาภ 2 กรุงเทพฯ,RTSP,3 - RTSP,0.71,18.67,PICKUP,52,SJKB-T05,32%,580
DCSP-SJKB,North,SJKB,Chorakhe Bua,RTSP006054,แมกซ์ มาร์ท ลาดพร้าว2,RTSP,3 - RTSP,0.53,19.2,PICKUP,24,SJKB-T05,15%,604
DCSP-SJKB,North,SJKB,Chorakhe Bua,RTSP005914,มินิบิ๊กซี สาขาซอยมัยลาภ เกษตร-นวมินทร์,RTSP,3 - RTSP,0.97,20.17,PICKUP,20,SJKB-T05,12%,624
DCSP-SJKB,North,SJKB,Chorakhe Bua,RTSP003435,โลตัส มัยลาภ,RTSP,3 - RTSP,0.46,20.63,PICKUP,52,SJKB-T05,32%,676
DCSP-SJKB,North,SJKB,Chorakhe Bua,RTSP004351,ซ ไมยราพ,RTSP,3 - RTSP,0.14,20.77,PICKUP,21,SJKB-T06,13%,697
DCSP-SJKB,North,SJKB,Chorakhe Bua,RTSP002910,ซอยอยู่เย็น กรุงเทพ,RTSP,3 - RTSP,0.8,21.56,PICKUP,37,SJKB-T06,23%,734
DCSP-SJKB,North,SJKB,Chorakhe Bua,RTSP001675,จิฟฟี่ กรุงเทพฯ - รามอินทรา 2,RTSP,3 - RTSP,0.43,21.99,PICKUP,49,SJKB-T06,31%,783
DCSP-SJKB,North,SJKB,Chorakhe Bua,RTSP002626,รามอินทรา 40,RTSP,3 - RTSP,0.69,22.68,PICKUP,25,SJKB-T06,16%,808
DCSP-SJKB,North,SJKB,Chorakhe Bua,RTSP006025,แมกซ์ มาร์ท ซ รามอินทรา 40,RTSP,3 - RTSP,0.32,23,PICKUP,7,SJKB-T06,4%,815
DCSP-SJKB,North,SJKB,Chorakhe Bua,RTSP000358,คาลเท็กซ์ บจก สยามเบสท์ เซอร์วิส สาขา 00002,RTSP,3 - RTSP,0.76,23.76,PICKUP,29,SJKB-T07,18%,844
DCSP-SJKB,North,SJKB,Chorakhe Bua,RTSP004698,มินิบิ๊กซี บางจาก ประดิษฐ์มนูธรรม,RTSP,3 - RTSP,0.17,23.93,PICKUP,52,SJKB-T07,32%,896
DCSP-SJKB,North,SJKB,Chorakhe Bua,RTSP001510,ฟาสซิโน สาขา ซีเจ มอร์ นวลจันทร์,RTSP,3 - RTSP,1.85,25.78,PICKUP,11,SJKB-T07,7%,907
DCSP-SJKB,North,SJKB,Chorakhe Bua,RTSP000938,บานาน่า สแตนด์อโลน นวลจันทร์ บึงกุ่ม กรุงเทพ,RTSP,3 - RTSP,0.19,25.96,PICKUP,16,SJKB-T07,10%,923
DCSP-SJKB,North,SJKB,Chorakhe Bua,RTSP003053,โลตัส นวลจันทร์,RTSP,3 - RTSP,0.03,25.99,PICKUP,52,SJKB-T07,32%,975
DCSP-SJKB,North,SJKB,Chorakhe Bua,RTSP002120,P3712ลอว์สัน รพ นวเวช - Lawson Nawawet Hospital,RTSP,3 - RTSP,0.47,26.46,PICKUP,12,SJKB-T08,8%,987
DCSP-SJKB,North,SJKB,Chorakhe Bua,RTSP001071,ท็อปส์เดลี่ หมู่บ้านธนะสิน,RTSP,3 - RTSP,1.16,27.63,PICKUP,43,SJKB-T08,27%,1030
DCSP-SJKB,North,SJKB,Chorakhe Bua,RTSP001639,อินทนิล ท็อปส์ ถนนโพธิ์แก้ว,RTSP,3 - RTSP,1.3,28.92,PICKUP,20,SJKB-T08,12%,1050
DCSP-SJKB,North,SJKB,Chorakhe Bua,RTSP006342,ท็อปส์ เดลี่ ถนนโพธิ์แก้ว,RTSP,3 - RTSP,0,28.93,PICKUP,52,SJKB-T08,32%,1102
DCSP-SJKB,North,SJKB,Chorakhe Bua,RTSP004269,สุขาภิบาล 1,RTSP,3 - RTSP,1.07,29.99,PICKUP,6,SJKB-T08,4%,1108
DCSP-SJKB,North,SJKB,Chorakhe Bua,RTSP003098,โลตัส นวมินทร์ ซอย 42 แยก 25,RTSP,3 - RTSP,1.4,31.39,PICKUP,38,SJKB-T09,24%,1146
DCSP-SJKB,North,SJKB,Chorakhe Bua,RTSP001457,ฟาสซิโน สาขา ปตท สุขาภิบาล 2,RTSP,3 - RTSP,2.07,33.46,PICKUP,59,SJKB-T09,37%,1205
DCSP-SJKB,North,SJKB,Chorakhe Bua,RTSP002097,P3510ลอว์สัน ดีซี ร่มเกล้า - Lawson DC Romklao,RTSP,3 - RTSP,7.36,40.82,PICKUP,15,SJKB-T09,9%,1220
DCSP-SJKB,North,SJKB,Chorakhe Bua,RTSP002561,ร่มเกล้า 24,RTSP,3 - RTSP,1.95,42.77,PICKUP,39,SJKB-T09,24%,1259
DCSP-SJKB,North,SJKB,Chorakhe Bua,RTSP002894,รามอินทรา ซอย 8,RTSP,3 - RTSP,16.21,58.98,PICKUP,58,SJKB-T10,36%,1317
DCSP-SJKB,North,SJKB,Chorakhe Bua,SJKB,Chorakhe Bua,DCSP,HUB,3.07,62.05,RETURN TO HUB,—,—,—,1317
DCSP-SJTK,North,SJTK,JATUJAK,SJTK,JATUJAK,DCSP,HUB,0,0,START,—,—,—,0
DCSP-SJTK,North,SJTK,JATUJAK,FC000013,ESSO Chokchai4,SHOP,1 - SHOP,2.55,2.55,PICKUP,139,SJTK-T01,87%,139
DCSP-SJTK,North,SJTK,JATUJAK,PSP000625,Angel Advance Tech,PSP,2 - PSP,1.34,3.89,PICKUP,76,SJTK-T02,48%,215
DCSP-SJTK,North,SJTK,JATUJAK,PSP000034,ยาอยู่เย็น,PSP,2 - PSP,0.44,4.33,PICKUP,98,SJTK-T03,61%,313
DCSP-SJTK,North,SJTK,JATUJAK,PSP000016,ไทยรุ่งเรืองเครื่องเย็น,PSP,2 - PSP,0.66,4.99,PICKUP,99,SJTK-T04,62%,412
DCSP-SJTK,North,SJTK,JATUJAK,PSP000013,Print express,PSP,2 - PSP,0.67,5.66,PICKUP,50,SJTK-T04,31%,462
DCSP-SJTK,North,SJTK,JATUJAK,PSP000132,ChockChai4 Phamacy,PSP,2 - PSP,1.91,7.57,PICKUP,50,SJTK-T05,31%,512
DCSP-SJTK,North,SJTK,JATUJAK,PSP000108,BSP Minimart,PSP,2 - PSP,1.7,9.28,PICKUP,61,SJTK-T05,38%,573
DCSP-SJTK,North,SJTK,JATUJAK,PSP000041,Pha-Hon Phamarcy,PSP,2 - PSP,5.21,14.48,PICKUP,72,SJTK-T06,45%,645
DCSP-SJTK,North,SJTK,JATUJAK,PSP000031,The Post,PSP,2 - PSP,2.57,17.05,PICKUP,41,SJTK-T06,26%,686
DCSP-SJTK,North,SJTK,JATUJAK,RTSP004345,พหลโยธิน 34,RTSP,3 - RTSP,2.9,19.96,PICKUP,45,SJTK-T06,28%,731
DCSP-SJTK,North,SJTK,JATUJAK,RTSP004775,มินิบิ๊กซี พหลโยธิน 34 แยก 11 กรุงเทพฯ,RTSP,3 - RTSP,0.16,20.12,PICKUP,8,SJTK-T07,5%,739
DCSP-SJTK,North,SJTK,JATUJAK,RTSP001269,ท็อปส์เดลี่ พหลโยธิน 40,RTSP,3 - RTSP,0.7,20.82,PICKUP,31,SJTK-T07,19%,770
DCSP-SJTK,North,SJTK,JATUJAK,RTSP001113,ท็อปส์เดลี่ พหลโยธิน 44,RTSP,3 - RTSP,0.48,21.3,PICKUP,55,SJTK-T07,34%,825
DCSP-SJTK,North,SJTK,JATUJAK,RTSP006233,ท็อปส์ เดลี่ ตลาดอมรพันธ์,RTSP,3 - RTSP,1.2,22.5,PICKUP,34,SJTK-T07,21%,859
DCSP-SJTK,North,SJTK,JATUJAK,RTSP006235,ท็อปส์ เดลี่ จันทร์เกษม พลาซ่า,RTSP,3 - RTSP,1.81,24.31,PICKUP,22,SJTK-T07,14%,881
DCSP-SJTK,North,SJTK,JATUJAK,RTSP004417,มินิบิ๊กซี เสือใหญ่อุทิศ,RTSP,3 - RTSP,0.33,24.64,PICKUP,50,SJTK-T08,31%,931
DCSP-SJTK,North,SJTK,JATUJAK,RTSP002162,P3452ลอว์สัน รัชดา เอสเอ็มจี36 - Ratchada SMG36,RTSP,3 - RTSP,0.19,24.83,PICKUP,29,SJTK-T08,18%,960
DCSP-SJTK,North,SJTK,JATUJAK,RTSP005307,มินิบิ๊กซี เสือใหญ่ 2,RTSP,3 - RTSP,0.33,25.16,PICKUP,53,SJTK-T08,33%,1013
DCSP-SJTK,North,SJTK,JATUJAK,RTSP004239,โลตัส วังหิน,RTSP,3 - RTSP,0.47,25.63,PICKUP,39,SJTK-T09,24%,1052
DCSP-SJTK,North,SJTK,JATUJAK,RTSP004408,มินิบิ๊กซี วังหิน,RTSP,3 - RTSP,0.83,26.46,PICKUP,23,SJTK-T09,14%,1075
DCSP-SJTK,North,SJTK,JATUJAK,RTSP002607,หมู่บ้านอมรพันธ์ 9,RTSP,3 - RTSP,0.84,27.3,PICKUP,11,SJTK-T09,7%,1086
DCSP-SJTK,North,SJTK,JATUJAK,RTSP003369,โลตัส สตรีวิทยา2 ซอย 12,RTSP,3 - RTSP,1.12,28.42,PICKUP,32,SJTK-T09,20%,1118
DCSP-SJTK,North,SJTK,JATUJAK,RTSP004734,มินิบิ๊กซี สตรีวิทยา2 ซอย20,RTSP,3 - RTSP,0.22,28.64,PICKUP,27,SJTK-T09,17%,1145
DCSP-SJTK,North,SJTK,JATUJAK,RTSP004291,โชคชัย 4,RTSP,3 - RTSP,0.67,29.31,PICKUP,53,SJTK-T10,33%,1198
DCSP-SJTK,North,SJTK,JATUJAK,RTSP000946,ดี เชน สาขา ตอรวมโชค,RTSP,3 - RTSP,0.18,29.5,PICKUP,5,SJTK-T10,3%,1203
DCSP-SJTK,North,SJTK,JATUJAK,RTSP002135,P3632ลอว์สัน ซัสโก้ วังหิน - Lawson Susco Wanghin,RTSP,3 - RTSP,0.5,30,PICKUP,7,SJTK-T10,4%,1210
DCSP-SJTK,North,SJTK,JATUJAK,RTSP004815,มินิบิ๊กซ๊ ถนนลาดพร้าว-วังหิน,RTSP,3 - RTSP,0.07,30.07,PICKUP,20,SJTK-T10,12%,1230
DCSP-SJTK,North,SJTK,JATUJAK,RTSP000998,ท็อปส์เดลี่ ลาดพร้าววังหิน 47,RTSP,3 - RTSP,0.48,30.55,PICKUP,37,SJTK-T10,23%,1267
DCSP-SJTK,North,SJTK,JATUJAK,RTSP004419,มินิบิ๊กซี โชคชัย 4 ซอย 31,RTSP,3 - RTSP,0.74,31.29,PICKUP,28,SJTK-T10,18%,1295
DCSP-SJTK,North,SJTK,JATUJAK,RTSP001051,ท็อปส์เดลี่ ลาดพร้าววังหิน 7,RTSP,3 - RTSP,0.48,31.78,PICKUP,39,SJTK-T11,24%,1334
DCSP-SJTK,North,SJTK,JATUJAK,RTSP000990,ท็อปส์เดลี่ ลาดพร้าววังหิน14,RTSP,3 - RTSP,0.43,32.2,PICKUP,22,SJTK-T11,14%,1356
DCSP-SJTK,North,SJTK,JATUJAK,RTSP003207,โลตัส ลาดพร้าว 41 แยก 9,RTSP,3 - RTSP,0.74,32.95,PICKUP,39,SJTK-T11,24%,1395
DCSP-SJTK,North,SJTK,JATUJAK,RTSP003032,รัชดาภิเษก 32,RTSP,3 - RTSP,1.24,34.19,PICKUP,24,SJTK-T11,15%,1419
DCSP-SJTK,North,SJTK,JATUJAK,RTSP004799,มินิบิ๊กซี ลาดปลาเค้า 44,RTSP,3 - RTSP,4.12,38.31,PICKUP,12,SJTK-T11,8%,1431
DCSP-SJTK,North,SJTK,JATUJAK,RTSP006262,ท็อปส์ เดลี่ ลาดปลาเค้า 50,RTSP,3 - RTSP,0.18,38.48,PICKUP,40,SJTK-T12,25%,1471
DCSP-SJTK,North,SJTK,JATUJAK,RTSP002605,ลาดปลาเค้า 52,RTSP,3 - RTSP,0.06,38.54,PICKUP,42,SJTK-T12,26%,1513
DCSP-SJTK,North,SJTK,JATUJAK,RTSP004794,มินิบิ๊กซี พหลโยธิน 48,RTSP,3 - RTSP,21.44,59.98,PICKUP,51,SJTK-T12,32%,1564
DCSP-SJTK,North,SJTK,JATUJAK,RTSP001963,เจมาร์ท บิ๊กซีเพชรเกษม ชั้น1,RTSP,3 - RTSP,7.04,67.03,PICKUP,17,SJTK-T12,11%,1581
DCSP-SJTK,North,SJTK,JATUJAK,SJTK,JATUJAK,DCSP,HUB,26.34,93.37,RETURN TO HUB,—,—,—,1581
DCSP-SPPO,North,SPPO,Phlabphla-Ladpraow,SPPO,Phlabphla-Ladpraow,DCSP,HUB,0,0,START,—,—,—,0
DCSP-SPPO,North,SPPO,Phlabphla-Ladpraow,KE000005,Bangchak Soi Mahat Thai,SHOP,1 - SHOP,1.32,1.32,PICKUP,135,SPPO-T01,84%,135
DCSP-SPPO,North,SPPO,Phlabphla-Ladpraow,KE000053,Ladprao 87,SHOP,1 - SHOP,2.94,4.25,PICKUP,109,SPPO-T02,68%,244
DCSP-SPPO,North,SPPO,Phlabphla-Ladpraow,KE000214,The Shelter Chok Chai 4,SHOP,1 - SHOP,2.62,6.87,PICKUP,112,SPPO-T03,70%,356
DCSP-SPPO,North,SPPO,Phlabphla-Ladpraow,KE000007,Bangchak Serithai Road,SHOP,1 - SHOP,7.46,14.34,PICKUP,151,SPPO-T04,94%,507
DCSP-SPPO,North,SPPO,Phlabphla-Ladpraow,PSP000263,Inbox Packaging,PSP,2 - PSP,4.46,18.8,PICKUP,65,SPPO-T05,41%,572
DCSP-SPPO,North,SPPO,Phlabphla-Ladpraow,PSP000022,P.S. EQUIPMENT,PSP,2 - PSP,0.39,19.19,PICKUP,79,SPPO-T05,49%,651
DCSP-SPPO,North,SPPO,Phlabphla-Ladpraow,PSP000165,Mobileplus shop,PSP,2 - PSP,1.36,20.55,PICKUP,50,SPPO-T06,31%,701
DCSP-SPPO,North,SPPO,Phlabphla-Ladpraow,PSP000057,Internet&Copy Center,PSP,2 - PSP,0.98,21.53,PICKUP,58,SPPO-T06,36%,759
DCSP-SPPO,North,SPPO,Phlabphla-Ladpraow,PSP000131,Working Uniform,PSP,2 - PSP,4.05,25.57,PICKUP,77,SPPO-T07,48%,836
DCSP-SPPO,North,SPPO,Phlabphla-Ladpraow,PSP000626,บ้านกาแฟ,PSP,2 - PSP,0.51,26.09,PICKUP,93,SPPO-T08,58%,929
DCSP-SPPO,North,SPPO,Phlabphla-Ladpraow,PSP000103,YIAM PHAMACY,PSP,2 - PSP,1.25,27.33,PICKUP,74,SPPO-T09,46%,1003
DCSP-SPPO,North,SPPO,Phlabphla-Ladpraow,PSP000603,I'F-SHOP,PSP,2 - PSP,6.14,33.48,PICKUP,41,SPPO-T09,26%,1044
DCSP-SPPO,North,SPPO,Phlabphla-Ladpraow,PSP000042,PongSri MotorBike,PSP,2 - PSP,2.19,35.67,PICKUP,64,SPPO-T10,40%,1108
DCSP-SPPO,North,SPPO,Phlabphla-Ladpraow,RTSP000939,บานาน่าสแตนด์อโลน ลาดพร้าว ซ114 วังทองหลางกรุงเทพ,RTSP,3 - RTSP,3.91,39.58,PICKUP,33,SPPO-T10,21%,1141
DCSP-SPPO,North,SPPO,Phlabphla-Ladpraow,RTSP004270,โกเฟรช -ลาดพร้าว 120,RTSP,3 - RTSP,0.36,39.95,PICKUP,10,SPPO-T10,6%,1151
DCSP-SPPO,North,SPPO,Phlabphla-Ladpraow,RTSP001321,ท็อปส์เดลี่ ลาดพร้าว 95,RTSP,3 - RTSP,0.14,40.09,PICKUP,28,SPPO-T10,18%,1179
DCSP-SPPO,North,SPPO,Phlabphla-Ladpraow,RTSP003018,โกเฟรช -ลาดพร้าว 124 กรุงเทพ,RTSP,3 - RTSP,0.4,40.5,PICKUP,59,SPPO-T11,37%,1238
DCSP-SPPO,North,SPPO,Phlabphla-Ladpraow,RTSP001030,ท็อปส์เดลี่ ลาดพร้าวไดร์ฟอินน์,RTSP,3 - RTSP,0.44,40.94,PICKUP,36,SPPO-T11,22%,1274
DCSP-SPPO,North,SPPO,Phlabphla-Ladpraow,RTSP005058,บิ๊กซีมินิ ลาดพร้าว122 แยก24,RTSP,3 - RTSP,0.97,41.91,PICKUP,26,SPPO-T11,16%,1300
DCSP-SPPO,North,SPPO,Phlabphla-Ladpraow,RTSP000919,ชีเจ เอ็กเพรส สาขา ลาดพร้าว122,RTSP,3 - RTSP,0.35,42.25,PICKUP,42,SPPO-T12,26%,1342
DCSP-SPPO,North,SPPO,Phlabphla-Ladpraow,RTSP002556,โกเฟรช -รามคำแหง 65,RTSP,3 - RTSP,0.02,42.27,PICKUP,21,SPPO-T12,13%,1363
DCSP-SPPO,North,SPPO,Phlabphla-Ladpraow,RTSP001593,อินทนิล มาร์เช่ รามคำแหง 53,RTSP,3 - RTSP,0.45,42.72,PICKUP,7,SPPO-T12,4%,1370
DCSP-SPPO,North,SPPO,Phlabphla-Ladpraow,RTSP002308,โกเฟรช-รามคำแหง 53,RTSP,3 - RTSP,0.45,43.16,PICKUP,24,SPPO-T12,15%,1394
DCSP-SPPO,North,SPPO,Phlabphla-Ladpraow,RTSP003541,โลตัส โกเฟรช -รามคำแหง 43-1,RTSP,3 - RTSP,0.96,44.12,PICKUP,37,SPPO-T12,23%,1431
DCSP-SPPO,North,SPPO,Phlabphla-Ladpraow,RTSP006354,ท๊อปส์ เดลี่ โรงพยาบาลเกษมราษฎร์ รัตนาธิเบศร์,RTSP,3 - RTSP,0.03,44.15,PICKUP,11,SPPO-T12,7%,1442
DCSP-SPPO,North,SPPO,Phlabphla-Ladpraow,RTSP004942,มินิบิ๊กซี รามคำแหง 53,RTSP,3 - RTSP,0.37,44.53,PICKUP,40,SPPO-T13,25%,1482
DCSP-SPPO,North,SPPO,Phlabphla-Ladpraow,RTSP001043,ท็อปส์เดลี่ ลาดพร้าว 87 แยก 7,RTSP,3 - RTSP,3.35,47.87,PICKUP,60,SPPO-T13,38%,1542
DCSP-SPPO,North,SPPO,Phlabphla-Ladpraow,RTSP006038,แมกซ์ มาร์ท ถนนเลียบด่วนรามอินทรา (กม 12),RTSP,3 - RTSP,0.6,48.47,PICKUP,18,SPPO-T13,11%,1560
DCSP-SPPO,North,SPPO,Phlabphla-Ladpraow,RTSP006028,แมกซ์ มาร์ท ถ นาคนิวาส1,RTSP,3 - RTSP,0.74,49.21,PICKUP,33,SPPO-T13,21%,1593
DCSP-SPPO,North,SPPO,Phlabphla-Ladpraow,RTSP006237,ท็อปส์ เดลี่ นาคนิวาส มาร์เก็ต,RTSP,3 - RTSP,0.33,49.54,PICKUP,24,SPPO-T14,15%,1617
DCSP-SPPO,North,SPPO,Phlabphla-Ladpraow,RTSP004215,โลตัส รามอินทรา,RTSP,3 - RTSP,0.76,50.3,PICKUP,44,SPPO-T14,28%,1661
DCSP-SPPO,North,SPPO,Phlabphla-Ladpraow,RTSP002043,เจมาร์ท ดิจิตอลคาเฟ่ เซ็นทรัลเอสวิลล์ ชั้น2,RTSP,3 - RTSP,0.17,50.47,PICKUP,28,SPPO-T14,18%,1689
DCSP-SPPO,North,SPPO,Phlabphla-Ladpraow,RTSP000012,บีทูเอส เซ็นทรัลเฟสติวัล อีสต์วิลล์,RTSP,3 - RTSP,0.06,50.53,PICKUP,60,SPPO-T14,38%,1749
DCSP-SPPO,North,SPPO,Phlabphla-Ladpraow,RTSP001917,เจมาร์ท เซ็นทรัลเอสวิลล์ ชั้น2,RTSP,3 - RTSP,0.15,50.68,PICKUP,56,SPPO-T15,35%,1805
DCSP-SPPO,North,SPPO,Phlabphla-Ladpraow,RTSP003427,โลตัส ลาดพร้าว 87 แยก 13,RTSP,3 - RTSP,0.82,51.51,PICKUP,40,SPPO-T15,25%,1845
DCSP-SPPO,North,SPPO,Phlabphla-Ladpraow,RTSP002908,ลาดพร้าว 64 กรุงเทพ,RTSP,3 - RTSP,2.31,53.82,PICKUP,38,SPPO-T15,24%,1883
DCSP-SPPO,North,SPPO,Phlabphla-Ladpraow,RTSP005326,มินิบิ๊กซี ลาดพร้าว 64,RTSP,3 - RTSP,0.19,54.01,PICKUP,32,SPPO-T16,20%,1915
DCSP-SPPO,North,SPPO,Phlabphla-Ladpraow,RTSP006236,ท็อปส์ เดลี่ โชคชัย 4,RTSP,3 - RTSP,0.88,54.88,PICKUP,12,SPPO-T16,8%,1927
DCSP-SPPO,North,SPPO,Phlabphla-Ladpraow,RTSP002513,ลาดพร้าว 47,RTSP,3 - RTSP,0.54,55.42,PICKUP,25,SPPO-T16,16%,1952
DCSP-SPPO,North,SPPO,Phlabphla-Ladpraow,RTSP002150,P3662ลอว์สัน ซัสโก้ บางชัน (คลองสามวา) - Lawson Susco Bangchan (Khlong Sam Wa),RTSP,3 - RTSP,5.42,60.84,PICKUP,32,SPPO-T16,20%,1984
DCSP-SPPO,North,SPPO,Phlabphla-Ladpraow,RTSP000301,บิ๊กซี ไทรน้อย,RTSP,3 - RTSP,4.22,65.06,PICKUP,37,SPPO-T16,23%,2021
DCSP-SPPO,North,SPPO,Phlabphla-Ladpraow,RTSP000131,บีทูเอส โรบินสัน ราชพฤกษ์,RTSP,3 - RTSP,3.37,68.43,PICKUP,19,SPPO-T16,12%,2040
DCSP-SPPO,North,SPPO,Phlabphla-Ladpraow,RTSP001006,ท็อปส์เดลี่ ซอย เสรีไทย 9,RTSP,3 - RTSP,15.35,83.78,PICKUP,43,SPPO-T17,27%,2083
DCSP-SPPO,North,SPPO,Phlabphla-Ladpraow,RTSP000916,ชีเจ เอ็กเพรส สาขา นวมินทร์ 24,RTSP,3 - RTSP,1.47,85.25,PICKUP,53,SPPO-T17,33%,2136
DCSP-SPPO,North,SPPO,Phlabphla-Ladpraow,RTSP002517,นวมินทร์ 24,RTSP,3 - RTSP,0.07,85.32,PICKUP,56,SPPO-T17,35%,2192
DCSP-SPPO,North,SPPO,Phlabphla-Ladpraow,RTSP004410,มินิ บิ๊กซี บางจาก สุขาภิบาล 1,RTSP,3 - RTSP,0.74,86.06,PICKUP,6,SPPO-T17,4%,2198
DCSP-SPPO,North,SPPO,Phlabphla-Ladpraow,RTSP004378,มินิบิ๊กซี เสรีไทย 41,RTSP,3 - RTSP,2.11,88.17,PICKUP,41,SPPO-T18,26%,2239
DCSP-SPPO,North,SPPO,Phlabphla-Ladpraow,RTSP003039,เอื้ออาทร บึงกุ่ม,RTSP,3 - RTSP,0.05,88.22,PICKUP,58,SPPO-T18,36%,2297
DCSP-SPPO,North,SPPO,Phlabphla-Ladpraow,RTSP003059,โลตัส เสรีไทย,RTSP,3 - RTSP,0.44,88.66,PICKUP,37,SPPO-T18,23%,2334
DCSP-SPPO,North,SPPO,Phlabphla-Ladpraow,RTSP004374,มินิบิ๊กซี หมู่บ้านสหกรณ์,RTSP,3 - RTSP,0.24,88.9,PICKUP,30,SPPO-T19,19%,2364
DCSP-SPPO,North,SPPO,Phlabphla-Ladpraow,RTSP005130,เคอรี่ สาขา Mini Big C ตลาดเสรีไทย 41 กรุงเทพฯ,RTSP,3 - RTSP,0.81,89.71,PICKUP,7,SPPO-T19,4%,2371
DCSP-SPPO,North,SPPO,Phlabphla-Ladpraow,SPPO,Phlabphla-Ladpraow,DCSP,HUB,5.53,95.25,RETURN TO HUB,—,—,—,2371
DCSP-SARU,West,SARU,Arunamarin,SARU,Arunamarin,DCSP,HUB,0,0,START,—,—,—,0
DCSP-SARU,West,SARU,Arunamarin,KE000212,Taladplu,SHOP,1 - SHOP,3.65,3.65,PICKUP,135,SARU-T01,84%,135
DCSP-SARU,West,SARU,Arunamarin,KE000043,ICON SIAM,SHOP,1 - SHOP,2.64,6.29,PICKUP,87,SARU-T03,54%,222
DCSP-SARU,West,SARU,Arunamarin,KE000043,ICON SIAM,SHOP,1 - SHOP,0,6.29,PICKUP,87,SARU-T03,54%,309
DCSP-SARU,West,SARU,Arunamarin,PSP000067,A BOX,PSP,2 - PSP,5.64,11.93,PICKUP,41,SARU-T03,26%,350
DCSP-SARU,West,SARU,Arunamarin,PSP000156,สนั่น,PSP,2 - PSP,0.4,12.33,PICKUP,89,SARU-T04,56%,439
DCSP-SARU,West,SARU,Arunamarin,PSP000075,MOMOPLUS,PSP,2 - PSP,0.44,12.76,PICKUP,56,SARU-T04,35%,495
DCSP-SARU,West,SARU,Arunamarin,PSP000246,เจ๊ทัย,PSP,2 - PSP,1.79,14.56,PICKUP,68,SARU-T05,42%,563
DCSP-SARU,West,SARU,Arunamarin,PSP000093,บ.ภัทรชัยซีเมนต์,PSP,2 - PSP,1.71,16.26,PICKUP,77,SARU-T05,48%,640
DCSP-SARU,West,SARU,Arunamarin,PSP000146,Sangthong Technology School,PSP,2 - PSP,2.14,18.41,PICKUP,77,SARU-T06,48%,717
DCSP-SARU,West,SARU,Arunamarin,PSP000619,4K,PSP,2 - PSP,2.97,21.38,PICKUP,46,SARU-T06,29%,763
DCSP-SARU,West,SARU,Arunamarin,PSP000014,ARTTY LEATHER,PSP,2 - PSP,0.07,21.45,PICKUP,81,SARU-T07,51%,844
DCSP-SARU,West,SARU,Arunamarin,PSP000097,Roundabout,PSP,2 - PSP,0.23,21.68,PICKUP,68,SARU-T07,42%,912
DCSP-SARU,West,SARU,Arunamarin,PSP000077,S.M.PACKAGING,PSP,2 - PSP,0.93,22.6,PICKUP,86,SARU-T08,54%,998
DCSP-SARU,West,SARU,Arunamarin,PSP000178,DOCTOR MOBILE,PSP,2 - PSP,2.74,25.34,PICKUP,84,SARU-T10,52%,1082
DCSP-SARU,West,SARU,Arunamarin,PSP000178,DOCTOR MOBILE,PSP,2 - PSP,0,25.34,PICKUP,84,SARU-T10,52%,1166
DCSP-SARU,West,SARU,Arunamarin,PSP000268,เดอะเบสอุปกรณ์แพทย์,PSP,2 - PSP,1.2,26.54,PICKUP,60,SARU-T10,38%,1226
DCSP-SARU,West,SARU,Arunamarin,PSP000119,อโรคยาเฮ้าส์,PSP,2 - PSP,2.3,28.85,PICKUP,83,SARU-T11,52%,1309
DCSP-SARU,West,SARU,Arunamarin,RTSP003504,โลตัส จรัญสนิทวงศ์ 15,RTSP,3 - RTSP,3.16,32.01,PICKUP,58,SARU-T12,36%,1367
DCSP-SARU,West,SARU,Arunamarin,RTSP003504,โลตัส จรัญสนิทวงศ์ 15,RTSP,3 - RTSP,0,32.01,PICKUP,58,SARU-T12,36%,1425
DCSP-SARU,West,SARU,Arunamarin,RTSP004272,จรัญสนิทวงศ์ 13,RTSP,3 - RTSP,0.18,32.19,PICKUP,14,SARU-T12,9%,1439
DCSP-SARU,West,SARU,Arunamarin,RTSP004272,จรัญสนิทวงศ์ 13,RTSP,3 - RTSP,0,32.19,PICKUP,14,SARU-T12,9%,1453
DCSP-SARU,West,SARU,Arunamarin,RTSP001561,อินทนิล จรัญสนิทวงศ์ 3,RTSP,3 - RTSP,0.86,33.05,PICKUP,21,SARU-T12,13%,1474
DCSP-SARU,West,SARU,Arunamarin,RTSP003579,โลตัส จรัญสนิทวงค์ซอย 3 กรุงเทพ,RTSP,3 - RTSP,0.05,33.1,PICKUP,26,SARU-T13,16%,1500
DCSP-SARU,West,SARU,Arunamarin,RTSP002966,ซอยวัดสังข์กระจาย,RTSP,3 - RTSP,1.27,34.38,PICKUP,32,SARU-T13,20%,1532
DCSP-SARU,West,SARU,Arunamarin,RTSP002966,ซอยวัดสังข์กระจาย,RTSP,3 - RTSP,0,34.38,PICKUP,32,SARU-T13,20%,1564
DCSP-SARU,West,SARU,Arunamarin,RTSP000220,บิ๊กซี อิสรภาพ,RTSP,3 - RTSP,1.13,35.51,PICKUP,44,SARU-T13,28%,1608
DCSP-SARU,West,SARU,Arunamarin,RTSP001324,ท็อปส์ เดลี่ อิสรภาพ 5,RTSP,3 - RTSP,0.43,35.94,PICKUP,40,SARU-T14,25%,1648
DCSP-SARU,West,SARU,Arunamarin,RTSP001145,ท็อปส์เดลี่ อิสรภาพ 5,RTSP,3 - RTSP,0.02,35.95,PICKUP,35,SARU-T14,22%,1683
DCSP-SARU,West,SARU,Arunamarin,RTSP000953,ท็อปส์เดลี่ ลาดหญ้า 1,RTSP,3 - RTSP,0.36,36.31,PICKUP,49,SARU-T14,31%,1732
DCSP-SARU,West,SARU,Arunamarin,RTSP000015,บีทูเอส แพลทฟอร์ม วงเวียนใหญ่,RTSP,3 - RTSP,0.11,36.42,PICKUP,5,SARU-T14,3%,1737
DCSP-SARU,West,SARU,Arunamarin,RTSP006246,ท็อปส์ เดลี่ สารภี ซอย 3,RTSP,3 - RTSP,0.4,36.82,PICKUP,46,SARU-T15,29%,1783
DCSP-SARU,West,SARU,Arunamarin,RTSP003434,โลตัส ซอย กรุงธนบุรี1 กรุงเทพ,RTSP,3 - RTSP,0.04,36.86,PICKUP,8,SARU-T15,5%,1791
DCSP-SARU,West,SARU,Arunamarin,RTSP001584,อินทนิล อาคารสินสาธร ทาวเวอร์,RTSP,3 - RTSP,0.44,37.3,PICKUP,40,SARU-T15,25%,1831
DCSP-SARU,West,SARU,Arunamarin,RTSP005290,มินิบิ๊กซี เจริญนคร 14 กรุงเทพฯ,RTSP,3 - RTSP,0.28,37.58,PICKUP,59,SARU-T15,37%,1890
DCSP-SARU,West,SARU,Arunamarin,RTSP004102,โลตัส ICS,RTSP,3 - RTSP,0.38,37.96,PICKUP,37,SARU-T16,23%,1927
DCSP-SARU,West,SARU,Arunamarin,RTSP001327,ท็อปส์เดลี่ เจริญนคร10,RTSP,3 - RTSP,0.49,38.45,PICKUP,38,SARU-T16,24%,1965
DCSP-SARU,West,SARU,Arunamarin,RTSP001258,ท๊อปส์ เดลี่ เจริญนคร 10,RTSP,3 - RTSP,0.02,38.46,PICKUP,52,SARU-T16,32%,2017
DCSP-SARU,West,SARU,Arunamarin,RTSP001844,JAY Icon-Siam FL 4,RTSP,3 - RTSP,0.22,38.68,PICKUP,57,SARU-T17,36%,2074
DCSP-SARU,West,SARU,Arunamarin,RTSP001844,JAY Icon-Siam FL 4,RTSP,3 - RTSP,0,38.68,PICKUP,57,SARU-T17,36%,2131
DCSP-SARU,West,SARU,Arunamarin,RTSP000952,ท็อปส์เดลี่ เจริญนคร13,RTSP,3 - RTSP,0.46,39.14,PICKUP,55,SARU-T17,34%,2186
DCSP-SARU,West,SARU,Arunamarin,RTSP006230,ท็อปส์ เดลี่ เดอะ ไลย์ เฮ้าส์,RTSP,3 - RTSP,0.04,39.18,PICKUP,36,SARU-T17,22%,2222
DCSP-SARU,West,SARU,Arunamarin,RTSP004804,มินิ บิ๊กซี บางจาก อิสรภาพ,RTSP,3 - RTSP,1.25,40.43,PICKUP,19,SARU-T18,12%,2241
DCSP-SARU,West,SARU,Arunamarin,RTSP003566,โลตัส ตลาดท่าดินแดง กรุงเทพฯ,RTSP,3 - RTSP,0.62,41.06,PICKUP,24,SARU-T18,15%,2265
DCSP-SARU,West,SARU,Arunamarin,RTSP006310,ท๊อปเดลี่ ท่าน้ำศิริราช,RTSP,3 - RTSP,3.08,44.13,PICKUP,29,SARU-T18,18%,2294
DCSP-SARU,West,SARU,Arunamarin,RTSP002693,ศิริราช พรานนก บางกอกน้อย,RTSP,3 - RTSP,0.05,44.18,PICKUP,31,SARU-T18,19%,2325
DCSP-SARU,West,SARU,Arunamarin,RTSP001504,ฟาสซิโน สาขา ศิริราช ท่าน้ำ,RTSP,3 - RTSP,0.2,44.38,PICKUP,7,SARU-T18,4%,2332
DCSP-SARU,West,SARU,Arunamarin,RTSP001425,ฟาสซิโน สาขา ศิริราช อรุณฯ,RTSP,3 - RTSP,0.15,44.53,PICKUP,43,SARU-T18,27%,2375
DCSP-SARU,West,SARU,Arunamarin,RTSP001273,ท็อปส์เดลี่ วัดอัมพวา,RTSP,3 - RTSP,1.16,45.69,PICKUP,10,SARU-T19,6%,2385
DCSP-SARU,West,SARU,Arunamarin,RTSP001273,ท็อปส์เดลี่ วัดอัมพวา,RTSP,3 - RTSP,0,45.69,PICKUP,10,SARU-T19,6%,2395
DCSP-SARU,West,SARU,Arunamarin,RTSP004285,พาณิชย์ธน,RTSP,3 - RTSP,2.35,48.04,PICKUP,31,SARU-T19,19%,2426
DCSP-SARU,West,SARU,Arunamarin,RTSP002750,หมู่บ้านธารทองวิลล่า กรุงเทพฯ,RTSP,3 - RTSP,0.78,48.82,PICKUP,16,SARU-T19,10%,2442
DCSP-SARU,West,SARU,Arunamarin,RTSP005839,มินิบิ๊กซี คาลเท็กซ์พรานนก-พุทธมณฑลสาย4 กรุงเทพฯ,RTSP,3 - RTSP,1.52,50.34,PICKUP,40,SARU-T19,25%,2482
DCSP-SARU,West,SARU,Arunamarin,RTSP002861,บางพรม ราชพฤกษ์,RTSP,3 - RTSP,0.48,50.83,PICKUP,32,SARU-T20,20%,2514
DCSP-SARU,West,SARU,Arunamarin,RTSP002129,P3589ลอว์สัน ซัสโก้ ราชพฤกษ์ - Lawson Susco Ratchapruek,RTSP,3 - RTSP,1,51.83,PICKUP,57,SARU-T20,36%,2571
DCSP-SARU,West,SARU,Arunamarin,RTSP006032,แมกซ์ มาร์ท ถ พระเทพ1,RTSP,3 - RTSP,1.19,53.02,PICKUP,8,SARU-T20,5%,2579
DCSP-SARU,West,SARU,Arunamarin,RTSP001458,ฟาสซิโน สาขา ปตท เพชรพระเทพ,RTSP,3 - RTSP,0.06,53.08,PICKUP,49,SARU-T20,31%,2628
DCSP-SARU,West,SARU,Arunamarin,RTSP006021,แมกซ์ มาร์ท เพชรเกษม25,RTSP,3 - RTSP,3.5,56.58,PICKUP,9,SARU-T20,6%,2637
DCSP-SARU,West,SARU,Arunamarin,RTSP004892,มินิบิ๊กซี เพชรเกษม 28,RTSP,3 - RTSP,0.35,56.93,PICKUP,27,SARU-T21,17%,2664
DCSP-SARU,West,SARU,Arunamarin,RTSP001634,โรงพยาบาลพญาไท 3,RTSP,3 - RTSP,0.2,57.13,PICKUP,14,SARU-T21,9%,2678
DCSP-SARU,West,SARU,Arunamarin,RTSP000963,ท็อปส์เดลี่ แอสปายสาทร-ตากสิน,RTSP,3 - RTSP,1.04,58.18,PICKUP,46,SARU-T21,29%,2724
DCSP-SARU,West,SARU,Arunamarin,RTSP001207,ท็อปส์เดลี่ แอสปายสาทร-ตากสิน,RTSP,3 - RTSP,0.02,58.2,PICKUP,13,SARU-T21,8%,2737
DCSP-SARU,West,SARU,Arunamarin,RTSP002410,รัชดาภิเษก 13,RTSP,3 - RTSP,1.35,59.54,PICKUP,31,SARU-T21,19%,2768
DCSP-SARU,West,SARU,Arunamarin,RTSP004506,มินิบิ๊กซี ตลาดครอบครัวท่าพระ 2 เทอดไท 33,RTSP,3 - RTSP,0.08,59.62,PICKUP,43,SARU-T22,27%,2811
DCSP-SARU,West,SARU,Arunamarin,RTSP004505,มินิบิ๊กซี ตลาดครอบครัวท่าพระ 1 รัชดาภิเษก,RTSP,3 - RTSP,0.15,59.78,PICKUP,43,SARU-T22,27%,2854
DCSP-SARU,West,SARU,Arunamarin,RTSP001937,เจมาร์ท เดอะมอลล์ท่าพระ ชั้น3,RTSP,3 - RTSP,0.17,59.95,PICKUP,17,SARU-T22,11%,2871
DCSP-SARU,West,SARU,Arunamarin,RTSP001519,กูร์เมต์ สาขาท่าพระ,RTSP,3 - RTSP,0.01,59.96,PICKUP,54,SARU-T22,34%,2925
DCSP-SARU,West,SARU,Arunamarin,RTSP001081,ท็อปส์เดลี่ แอสปายสาทร-ท่าพระ,RTSP,3 - RTSP,0.22,60.18,PICKUP,23,SARU-T23,14%,2948
DCSP-SARU,West,SARU,Arunamarin,RTSP002984,เทอดไท 29 กรุงเทพ,RTSP,3 - RTSP,0.64,60.82,PICKUP,11,SARU-T23,7%,2959
DCSP-SARU,West,SARU,Arunamarin,RTSP003487,โลตัส จันทน์กลิ่น กรุงเทพ,RTSP,3 - RTSP,1.44,62.26,PICKUP,24,SARU-T23,15%,2983
DCSP-SARU,West,SARU,Arunamarin,RTSP005829,มินิบิ๊กซี จอมทอง14,RTSP,3 - RTSP,0.56,62.82,PICKUP,45,SARU-T23,28%,3028
DCSP-SARU,West,SARU,Arunamarin,RTSP000178,บิ๊กซี ดาวคะนอง,RTSP,3 - RTSP,0.69,63.51,PICKUP,25,SARU-T23,16%,3053
DCSP-SARU,West,SARU,Arunamarin,RTSP002575,สน บางขุนนนท์,RTSP,3 - RTSP,8.06,71.57,PICKUP,24,SARU-T23,15%,3077
DCSP-SARU,West,SARU,Arunamarin,RTSP005167,บิ๊กซีมินิ บ ลำแก่น- พังงา,RTSP,3 - RTSP,14.03,85.6,PICKUP,30,SARU-T24,19%,3107
DCSP-SARU,West,SARU,Arunamarin,SARU,Arunamarin,DCSP,HUB,13.6,99.21,RETURN TO HUB,—,—,—,3107
DCSP-SBPD,West,SBPD,Bang Phlat,SBPD,Bang Phlat,DCSP,HUB,0,0,START,—,—,—,0
DCSP-SBPD,West,SBPD,Bang Phlat,KE000036,Family mart Central Pinklao,SHOP,1 - SHOP,1.08,1.08,PICKUP,84,SBPD-T01,52%,84
DCSP-SBPD,West,SBPD,Bang Phlat,KE000067,Pinkloa,SHOP,1 - SHOP,0.86,1.94,PICKUP,113,SBPD-T02,71%,197
DCSP-SBPD,West,SBPD,Bang Phlat,KE000076,PTT Phran Nok,SHOP,1 - SHOP,14.64,16.58,PICKUP,101,SBPD-T03,63%,298
DCSP-SBPD,West,SBPD,Bang Phlat,PSP000154,ไอด้า,PSP,2 - PSP,15.19,31.77,PICKUP,43,SBPD-T03,27%,341
DCSP-SBPD,West,SBPD,Bang Phlat,RTSP005977,ออฟฟิศเมท สิรินธร (บางพลัด),RTSP,3 - RTSP,2.01,33.77,PICKUP,57,SBPD-T04,36%,398
DCSP-SBPD,West,SBPD,Bang Phlat,RTSP003505,โลตัส จรัญสนิทวงศ์ 65 กรุงเทพ,RTSP,3 - RTSP,0.73,34.5,PICKUP,22,SBPD-T04,14%,420
DCSP-SBPD,West,SBPD,Bang Phlat,RTSP004375,มินิบิ๊กซี ตลาดกรุงธน,RTSP,3 - RTSP,0.55,35.06,PICKUP,18,SBPD-T04,11%,438
DCSP-SBPD,West,SBPD,Bang Phlat,RTSP003290,โลตัส ซอยจรัญสนิทวงค์ 75 กรุงเทพฯ,RTSP,3 - RTSP,0.7,35.75,PICKUP,7,SBPD-T04,4%,445
DCSP-SBPD,West,SBPD,Bang Phlat,RTSP004236,โลตัส จรัญสนิทวงศ์ 70,RTSP,3 - RTSP,0.43,36.18,PICKUP,45,SBPD-T04,28%,490
DCSP-SBPD,West,SBPD,Bang Phlat,RTSP001011,ท็อปส์เดลี่ ไลฟ์ ปิ่นเกล้า,RTSP,3 - RTSP,2.28,38.46,PICKUP,30,SBPD-T05,19%,520
DCSP-SBPD,West,SBPD,Bang Phlat,RTSP001265,ท็อปส์เดลี่ จรัญสนิทวงศ์ 49,RTSP,3 - RTSP,0.25,38.7,PICKUP,33,SBPD-T05,21%,553
DCSP-SBPD,West,SBPD,Bang Phlat,RTSP004252,โลตัส ปิ่นเกล้า,RTSP,3 - RTSP,0.57,39.27,PICKUP,28,SBPD-T05,18%,581
DCSP-SBPD,West,SBPD,Bang Phlat,RTSP001015,ท็อปส์เดลี่ เซ็ลทรัล ปิ่นเกล้า,RTSP,3 - RTSP,0.25,39.52,PICKUP,27,SBPD-T05,17%,608
DCSP-SBPD,West,SBPD,Bang Phlat,RTSP000026,บีทูเอส เซ็นทรัลพลาซา ปิ่นเกล้า,RTSP,3 - RTSP,0.04,39.55,PICKUP,48,SBPD-T06,30%,656
DCSP-SBPD,West,SBPD,Bang Phlat,RTSP002025,เจมาร์ท เซ็นทรัลปิ่นเกล้า ชั้น 3,RTSP,3 - RTSP,0.03,39.58,PICKUP,26,SBPD-T06,16%,682
DCSP-SBPD,West,SBPD,Bang Phlat,RTSP001924,เจมาร์ท เซ็นทรัลปิ่นเกล้า ชั้น2,RTSP,3 - RTSP,0.03,39.61,PICKUP,39,SBPD-T06,24%,721
DCSP-SBPD,West,SBPD,Bang Phlat,RTSP000936,บานาน่า สแตนด์อโลน ปิ่นเกล้า,RTSP,3 - RTSP,0.07,39.68,PICKUP,19,SBPD-T06,12%,740
DCSP-SBPD,West,SBPD,Bang Phlat,SBPD,Bang Phlat,DCSP,HUB,1.08,40.75,RETURN TO HUB,—,—,—,740
DCSP-SBPI,West,SBPI,Bang Phai,SBPI,Bang Phai,DCSP,HUB,0,0,START,—,—,—,0
DCSP-SBPI,West,SBPI,Bang Phai,FC000027,Nongkhaem,SHOP,1 - SHOP,3.8,3.8,PICKUP,80,SBPI-T01,50%,80
DCSP-SBPI,West,SBPI,Bang Phai,PSP000074,รุ่งเรืองไพศาล,PSP,2 - PSP,4.51,8.32,PICKUP,83,SBPI-T02,52%,163
DCSP-SBPI,West,SBPI,Bang Phai,PSP000037,Roypond,PSP,2 - PSP,2.1,10.42,PICKUP,58,SBPI-T02,36%,221
DCSP-SBPI,West,SBPI,Bang Phai,PSP000047,Baan Ya-dee,PSP,2 - PSP,1.03,11.45,PICKUP,93,SBPI-T03,58%,314
DCSP-SBPI,West,SBPI,Bang Phai,PSP000112,รีรันวัสดุภัณฑ์,PSP,2 - PSP,1.1,12.55,PICKUP,53,SBPI-T03,33%,367
DCSP-SBPI,West,SBPI,Bang Phai,PSP000039,C.K.A.,PSP,2 - PSP,0.67,13.23,PICKUP,44,SBPI-T04,28%,411
DCSP-SBPI,West,SBPI,Bang Phai,PSP000010,Arunthong Pharmacy,PSP,2 - PSP,1.47,14.69,PICKUP,51,SBPI-T04,32%,462
DCSP-SBPI,West,SBPI,Bang Phai,PSP000073,ก้อยเภสัช,PSP,2 - PSP,1.72,16.42,PICKUP,71,SBPI-T05,44%,533
DCSP-SBPI,West,SBPI,Bang Phai,PSP000147,BAANYA1,PSP,2 - PSP,3.91,20.33,PICKUP,62,SBPI-T05,39%,595
DCSP-SBPI,West,SBPI,Bang Phai,PSP000620,ศิริเกษมเภสัช,PSP,2 - PSP,3.05,23.38,PICKUP,76,SBPI-T06,48%,671
DCSP-SBPI,West,SBPI,Bang Phai,PSP000134,ร้านข้างหลังภาพ,PSP,2 - PSP,3.13,26.51,PICKUP,61,SBPI-T06,38%,732
DCSP-SBPI,West,SBPI,Bang Phai,RTSP001630,บางจาก เพชรเกษม 92,RTSP,3 - RTSP,3.94,30.45,PICKUP,43,SBPI-T07,27%,775
DCSP-SBPI,West,SBPI,Bang Phai,RTSP005242,มินิ บิ๊กซี บางจาก เพชรเกษม 92,RTSP,3 - RTSP,0.04,30.49,PICKUP,8,SBPI-T07,5%,783
DCSP-SBPI,West,SBPI,Bang Phai,RTSP006316,ท็อปส์ เดลี่ เพชรเกษม 55-2,RTSP,3 - RTSP,0.45,30.93,PICKUP,9,SBPI-T07,6%,792
DCSP-SBPI,West,SBPI,Bang Phai,RTSP004283,บางแคเหนือ,RTSP,3 - RTSP,0.25,31.19,PICKUP,48,SBPI-T07,30%,840
DCSP-SBPI,West,SBPI,Bang Phai,RTSP004779,มินิบิ๊กซี เพชรเกษม 88 กรุงเทพฯ,RTSP,3 - RTSP,0.8,31.99,PICKUP,58,SBPI-T08,36%,898
DCSP-SBPI,West,SBPI,Bang Phai,RTSP004779,มินิบิ๊กซี เพชรเกษม 88 กรุงเทพฯ,RTSP,3 - RTSP,0,31.99,PICKUP,58,SBPI-T08,36%,956
DCSP-SBPI,West,SBPI,Bang Phai,RTSP001938,เจมาร์ท เดอะมอลล์บางแค 2 ชั้น2,RTSP,3 - RTSP,0.61,32.6,PICKUP,5,SBPI-T08,3%,961
DCSP-SBPI,West,SBPI,Bang Phai,RTSP001938,เจมาร์ท เดอะมอลล์บางแค 2 ชั้น2,RTSP,3 - RTSP,0,32.6,PICKUP,5,SBPI-T08,3%,966
DCSP-SBPI,West,SBPI,Bang Phai,RTSP001901,เจมาร์ท เดอะมอลล์บางแค ชั้น1,RTSP,3 - RTSP,0,32.6,PICKUP,7,SBPI-T08,4%,973
DCSP-SBPI,West,SBPI,Bang Phai,RTSP001901,เจมาร์ท เดอะมอลล์บางแค ชั้น1,RTSP,3 - RTSP,0,32.6,PICKUP,7,SBPI-T08,4%,980
DCSP-SBPI,West,SBPI,Bang Phai,RTSP006247,ท็อปส์ เดลี่ พุทธมณฑลสาย 2,RTSP,3 - RTSP,1.5,34.09,PICKUP,36,SBPI-T09,22%,1016
DCSP-SBPI,West,SBPI,Bang Phai,RTSP002960,ตลาดสาย 2,RTSP,3 - RTSP,0.42,34.51,PICKUP,44,SBPI-T09,28%,1060
DCSP-SBPI,West,SBPI,Bang Phai,RTSP004321,หมู่บ้านเศรษฐกิจ,RTSP,3 - RTSP,2.11,36.62,PICKUP,21,SBPI-T09,13%,1081
DCSP-SBPI,West,SBPI,Bang Phai,RTSP000187,บิ๊กซี เพชรเกษม,RTSP,3 - RTSP,1.28,37.9,PICKUP,20,SBPI-T09,12%,1101
DCSP-SBPI,West,SBPI,Bang Phai,RTSP000016,บีทูเอส เอสเอฟ เพชรเกษม,RTSP,3 - RTSP,0.07,37.97,PICKUP,56,SBPI-T10,35%,1157
DCSP-SBPI,West,SBPI,Bang Phai,RTSP004293,เพชรเกษม 69,RTSP,3 - RTSP,0.81,38.78,PICKUP,60,SBPI-T10,38%,1217
DCSP-SBPI,West,SBPI,Bang Phai,RTSP004718,มินิบิ๊กซี เลียบคลองภาษีเจริญฝั่งเหนือ,RTSP,3 - RTSP,1.3,40.08,PICKUP,49,SBPI-T11,31%,1266
DCSP-SBPI,West,SBPI,Bang Phai,RTSP004912,มินิบิ๊กซี เลียบคลองภาษีเจริญฝั่งใต้ กรุงเทพฯ,RTSP,3 - RTSP,0.54,40.62,PICKUP,5,SBPI-T11,3%,1271
DCSP-SBPI,West,SBPI,Bang Phai,RTSP002964,เลียบคลองภาษีเจริญฝั่งใต้,RTSP,3 - RTSP,1.38,42,PICKUP,58,SBPI-T11,36%,1329
DCSP-SBPI,West,SBPI,Bang Phai,RTSP005078,มินิบิ๊กซี เพชรเกษม 77,RTSP,3 - RTSP,2.55,44.54,PICKUP,7,SBPI-T11,4%,1336
DCSP-SBPI,West,SBPI,Bang Phai,RTSP000253,บิ๊กซี เอ็กตร้า เพชรเกษม 2,RTSP,3 - RTSP,0.74,45.28,PICKUP,29,SBPI-T11,18%,1365
DCSP-SBPI,West,SBPI,Bang Phai,RTSP004421,มินิบิ๊กซี หมู่บ้าน ศรีเพชร,RTSP,3 - RTSP,1.31,46.59,PICKUP,14,SBPI-T12,9%,1379
DCSP-SBPI,West,SBPI,Bang Phai,RTSP004290,หนองแขม,RTSP,3 - RTSP,0.54,47.13,PICKUP,36,SBPI-T12,22%,1415
DCSP-SBPI,West,SBPI,Bang Phai,RTSP002883,ศิริเกษม กรุงเทพ,RTSP,3 - RTSP,3.66,50.8,PICKUP,56,SBPI-T12,35%,1471
DCSP-SBPI,West,SBPI,Bang Phai,RTSP006050,แมกซ์ มาร์ท พุทธมณฑลสาย3,RTSP,3 - RTSP,0.57,51.36,PICKUP,8,SBPI-T12,5%,1479
DCSP-SBPI,West,SBPI,Bang Phai,RTSP003345,โลตัส ซอยศรีสมบรูณ์ บางเวก,RTSP,3 - RTSP,3,54.36,PICKUP,9,SBPI-T12,6%,1488
DCSP-SBPI,West,SBPI,Bang Phai,RTSP005047,มินิบิ๊กซี สี่แยกทศกัณฑ์,RTSP,3 - RTSP,0.38,54.74,PICKUP,33,SBPI-T12,21%,1521
DCSP-SBPI,West,SBPI,Bang Phai,RTSP001447,ฟาสซิโน สาขา สี่แยกทศกัณฑ์ พุทธมณฑล สาย 2,RTSP,3 - RTSP,0.04,54.79,PICKUP,32,SBPI-T13,20%,1553
DCSP-SBPI,West,SBPI,Bang Phai,RTSP002880,แยกทศกัณฑ์,RTSP,3 - RTSP,0.25,55.04,PICKUP,25,SBPI-T13,16%,1578
DCSP-SBPI,West,SBPI,Bang Phai,RTSP001274,ท็อปส์เดลี่ เพชรเกษม 63,RTSP,3 - RTSP,5.05,60.08,PICKUP,49,SBPI-T13,31%,1627
DCSP-SBPI,West,SBPI,Bang Phai,RTSP004776,มินิบิ๊กซี เพชรเกษม 63 กรุงเทพฯ,RTSP,3 - RTSP,0.47,60.56,PICKUP,39,SBPI-T13,24%,1666
DCSP-SBPI,West,SBPI,Bang Phai,RTSP002879,เพชรเกษม 63,RTSP,3 - RTSP,0.02,60.58,PICKUP,59,SBPI-T14,37%,1725
DCSP-SBPI,West,SBPI,Bang Phai,RTSP004021,โลตัส โกเฟรช เพชรเกษม 63 กาญจนาภิเษก 3,RTSP,3 - RTSP,0.81,61.39,PICKUP,23,SBPI-T14,14%,1748
DCSP-SBPI,West,SBPI,Bang Phai,RTSP004543,มินิบิ๊กซี เดอะ มิราเคิล พลัส เพชรเกษม 63,RTSP,3 - RTSP,0.06,61.45,PICKUP,32,SBPI-T14,20%,1780
DCSP-SBPI,West,SBPI,Bang Phai,SBPI,Bang Phai,DCSP,HUB,2.97,64.42,RETURN TO HUB,—,—,—,1780
DCSP-SEKC,West,SEKC,Ekkachai,SEKC,Ekkachai,DCSP,HUB,0,0,START,—,—,—,0
DCSP-SEKC,West,SEKC,Ekkachai,KE000210,Top Daily Ekkachai Road,SHOP,1 - SHOP,1.24,1.24,PICKUP,81,SEKC-T01,51%,81
DCSP-SEKC,West,SEKC,Ekkachai,KE000003,BB3 Court bang bon 3,SHOP,1 - SHOP,4.15,5.4,PICKUP,141,SEKC-T02,88%,222
DCSP-SEKC,West,SEKC,Ekkachai,RTSP002338,หมุ่บ้าน S K,RTSP,3 - RTSP,3.14,8.54,PICKUP,14,SEKC-T02,9%,236
DCSP-SEKC,West,SEKC,Ekkachai,RTSP004940,มินิบิ๊กซี เอกชัย 66,RTSP,3 - RTSP,0.52,9.06,PICKUP,40,SEKC-T03,25%,276
DCSP-SEKC,West,SEKC,Ekkachai,RTSP003560,โลตัส เอกชัย 87-1,RTSP,3 - RTSP,0.59,9.65,PICKUP,28,SEKC-T03,18%,304
DCSP-SEKC,West,SEKC,Ekkachai,RTSP006270,ท็อปส์ เดลี่ แคนโนปี,RTSP,3 - RTSP,0.26,9.9,PICKUP,53,SEKC-T03,33%,357
DCSP-SEKC,West,SEKC,Ekkachai,RTSP000608,ชีเจ เอ็กเพรส สาขา ตลาดสุขสวัสดี บางบอน,RTSP,3 - RTSP,0.17,10.07,PICKUP,20,SEKC-T03,12%,377
DCSP-SEKC,West,SEKC,Ekkachai,RTSP006022,แมกซ์ มาร์ท กาญจนาภิเษก กม 18,RTSP,3 - RTSP,2.03,12.1,PICKUP,26,SEKC-T04,16%,403
DCSP-SEKC,West,SEKC,Ekkachai,RTSP006044,แมกซ์ มาร์ท บางบอน3,RTSP,3 - RTSP,0.95,13.05,PICKUP,38,SEKC-T04,24%,441
DCSP-SEKC,West,SEKC,Ekkachai,RTSP006250,ท็อปส์ เดลี่ บางบอน 3,RTSP,3 - RTSP,2.23,15.29,PICKUP,9,SEKC-T04,6%,450
DCSP-SEKC,West,SEKC,Ekkachai,RTSP002617,หมู่บ้านเพชรสยาม 3,RTSP,3 - RTSP,0.29,15.57,PICKUP,20,SEKC-T04,12%,470
DCSP-SEKC,West,SEKC,Ekkachai,RTSP004407,มินิบิ๊กซี เพชรสยาม3,RTSP,3 - RTSP,0.05,15.62,PICKUP,33,SEKC-T04,21%,503
DCSP-SEKC,West,SEKC,Ekkachai,SEKC,Ekkachai,DCSP,HUB,3.32,18.93,RETURN TO HUB,—,—,—,503
DCSP-SNGY,West,SNGY,Nongyai,SNGY,Nongyai,DCSP,HUB,0,0,START,—,—,—,0
DCSP-SNGY,West,SNGY,Nongyai,KE000197,Sukhaphiban 1,SHOP,1 - SHOP,0.23,0.23,PICKUP,140,SNGY-T02,88%,140
DCSP-SNGY,West,SNGY,Nongyai,KE000197,Sukhaphiban 1,SHOP,1 - SHOP,0,0.23,PICKUP,140,SNGY-T02,88%,280
DCSP-SNGY,West,SNGY,Nongyai,FC000021,Lotus Bang Khae,SHOP,1 - SHOP,2.21,2.44,PICKUP,144,SNGY-T04,90%,424
DCSP-SNGY,West,SNGY,Nongyai,FC000021,Lotus Bang Khae,SHOP,1 - SHOP,0,2.44,PICKUP,144,SNGY-T04,90%,568
DCSP-SNGY,West,SNGY,Nongyai,PSP000610,บริษัท แอพพลาย เคมิคอล แอนด์ อินสตรูเมนท์,PSP,2 - PSP,3.17,5.61,PICKUP,100,SNGY-T05,62%,668
DCSP-SNGY,West,SNGY,Nongyai,PSP000021,FBB,PSP,2 - PSP,2.42,8.03,PICKUP,100,SNGY-T07,62%,768
DCSP-SNGY,West,SNGY,Nongyai,PSP000021,FBB,PSP,2 - PSP,0,8.03,PICKUP,100,SNGY-T07,62%,868
DCSP-SNGY,West,SNGY,Nongyai,RTSP000547,ชีเจ เอ็กเพรส สาขา สี่แยกหนองใหญ่,RTSP,3 - RTSP,1.92,9.95,PICKUP,49,SNGY-T08,31%,917
DCSP-SNGY,West,SNGY,Nongyai,RTSP000547,ชีเจ เอ็กเพรส สาขา สี่แยกหนองใหญ่,RTSP,3 - RTSP,0,9.95,PICKUP,49,SNGY-T08,31%,966
DCSP-SNGY,West,SNGY,Nongyai,RTSP002907,สี่แยกหนองใหญ่ กรุงเทพ,RTSP,3 - RTSP,0.03,9.99,PICKUP,7,SNGY-T08,4%,973
DCSP-SNGY,West,SNGY,Nongyai,RTSP002907,สี่แยกหนองใหญ่ กรุงเทพ,RTSP,3 - RTSP,0,9.99,PICKUP,7,SNGY-T08,4%,980
DCSP-SNGY,West,SNGY,Nongyai,RTSP004381,มินิบิ๊กซี ซอยหนองใหญ่ มั่งมี ซิตี้,RTSP,3 - RTSP,0.86,10.85,PICKUP,48,SNGY-T09,30%,1028
DCSP-SNGY,West,SNGY,Nongyai,RTSP004381,มินิบิ๊กซี ซอยหนองใหญ่ มั่งมี ซิตี้,RTSP,3 - RTSP,0,10.85,PICKUP,48,SNGY-T09,30%,1076
DCSP-SNGY,West,SNGY,Nongyai,RTSP002159,P3543ลอว์สัน คาลเท็กซ์ กาญจนาภิเษก - Lawson Caltex Kanchanaphisek,RTSP,3 - RTSP,0.82,11.66,PICKUP,46,SNGY-T09,29%,1122
DCSP-SNGY,West,SNGY,Nongyai,RTSP002354,สุขสันต์ 6,RTSP,3 - RTSP,0.31,11.97,PICKUP,54,SNGY-T09,34%,1176
DCSP-SNGY,West,SNGY,Nongyai,RTSP001037,ท็อปส์เดลี่ กาญจนาภิเษก - กัลปพฤกษ์ (ปั๊มน้ำมัน),RTSP,3 - RTSP,0.83,12.8,PICKUP,57,SNGY-T10,36%,1233
DCSP-SNGY,West,SNGY,Nongyai,RTSP001218,ท็อปส์ เดลี่ กาญจนาภิเษก - กัลปพฤกษ์ (ปั๊มน้ำมัน),RTSP,3 - RTSP,0.06,12.86,PICKUP,5,SNGY-T10,3%,1238
DCSP-SNGY,West,SNGY,Nongyai,RTSP002397,หมู่บ้านศิริสุข ถ กาญจนาภิเษก,RTSP,3 - RTSP,0.24,13.1,PICKUP,13,SNGY-T10,8%,1251
DCSP-SNGY,West,SNGY,Nongyai,RTSP001272,ท็อปส์เดลี่ เพชรเกษม 41,RTSP,3 - RTSP,2.43,15.53,PICKUP,10,SNGY-T10,6%,1261
DCSP-SNGY,West,SNGY,Nongyai,RTSP001272,ท็อปส์เดลี่ เพชรเกษม 41,RTSP,3 - RTSP,0,15.53,PICKUP,10,SNGY-T10,6%,1271
DCSP-SNGY,West,SNGY,Nongyai,RTSP000905,ชีเจ เอ็กเพรส สาขา เพชรเกษม41,RTSP,3 - RTSP,0.45,15.99,PICKUP,29,SNGY-T11,18%,1300
DCSP-SNGY,West,SNGY,Nongyai,RTSP000905,ชีเจ เอ็กเพรส สาขา เพชรเกษม41,RTSP,3 - RTSP,0,15.99,PICKUP,29,SNGY-T11,18%,1329
DCSP-SNGY,West,SNGY,Nongyai,RTSP004216,โลตัส บางแค,RTSP,3 - RTSP,0.39,16.38,PICKUP,12,SNGY-T11,8%,1341
DCSP-SNGY,West,SNGY,Nongyai,RTSP004216,โลตัส บางแค,RTSP,3 - RTSP,0,16.38,PICKUP,12,SNGY-T11,8%,1353
DCSP-SNGY,West,SNGY,Nongyai,RTSP001082,ท็อปส์เดลี่ ซัสโก้ เพชรเกษม ( ปั๊มน้ำมัน ),RTSP,3 - RTSP,0.16,16.54,PICKUP,41,SNGY-T11,26%,1394
DCSP-SNGY,West,SNGY,Nongyai,RTSP001082,ท็อปส์เดลี่ ซัสโก้ เพชรเกษม ( ปั๊มน้ำมัน ),RTSP,3 - RTSP,0,16.54,PICKUP,41,SNGY-T11,26%,1435
DCSP-SNGY,West,SNGY,Nongyai,RTSP005219,Big C Mini ถ เทอดไท กรุงเทพฯ,RTSP,3 - RTSP,1.31,17.85,PICKUP,50,SNGY-T12,31%,1485
DCSP-SNGY,West,SNGY,Nongyai,RTSP005219,Big C Mini ถ เทอดไท กรุงเทพฯ,RTSP,3 - RTSP,0,17.85,PICKUP,50,SNGY-T12,31%,1535
DCSP-SNGY,West,SNGY,Nongyai,RTSP000246,บิ๊กซี กัลปพฤกษ์,RTSP,3 - RTSP,1.58,19.43,PICKUP,56,SNGY-T13,35%,1591
DCSP-SNGY,West,SNGY,Nongyai,RTSP000246,บิ๊กซี กัลปพฤกษ์,RTSP,3 - RTSP,0,19.43,PICKUP,56,SNGY-T13,35%,1647
DCSP-SNGY,West,SNGY,Nongyai,RTSP005830,มินิบิ๊กซี กำนันแม้น 14-1,RTSP,3 - RTSP,0.87,20.31,PICKUP,30,SNGY-T13,19%,1677
DCSP-SNGY,West,SNGY,Nongyai,RTSP000961,ท็อปส์เดลี่ วัดสิงห์,RTSP,3 - RTSP,0.66,20.97,PICKUP,53,SNGY-T13,33%,1730
DCSP-SNGY,West,SNGY,Nongyai,RTSP005316,มินิบิ๊กซี เอกชัย 46,RTSP,3 - RTSP,0.92,21.88,PICKUP,29,SNGY-T14,18%,1759
DCSP-SNGY,West,SNGY,Nongyai,RTSP002552,วัดไทร เอกชัย,RTSP,3 - RTSP,1.92,23.8,PICKUP,35,SNGY-T14,22%,1794
DCSP-SNGY,West,SNGY,Nongyai,RTSP002537,วัดสีสุก,RTSP,3 - RTSP,1.1,24.91,PICKUP,12,SNGY-T14,8%,1806
DCSP-SNGY,West,SNGY,Nongyai,RTSP004784,มินิ บิ๊กซี บางจาก พระราม 2 ซอย 28,RTSP,3 - RTSP,0.77,25.67,PICKUP,51,SNGY-T14,32%,1857
DCSP-SNGY,West,SNGY,Nongyai,RTSP000696,ชีเจ เอ็กเพรส สาขา จอมทอง 13,RTSP,3 - RTSP,1.44,27.11,PICKUP,32,SNGY-T14,20%,1889
DCSP-SNGY,West,SNGY,Nongyai,RTSP006307,ท๊อปเดลี่ จอมทอง,RTSP,3 - RTSP,0.47,27.59,PICKUP,48,SNGY-T15,30%,1937
DCSP-SNGY,West,SNGY,Nongyai,RTSP001229,ท็อปส์ เดลี่ จอมทอง 16,RTSP,3 - RTSP,0,27.59,PICKUP,23,SNGY-T15,14%,1960
DCSP-SNGY,West,SNGY,Nongyai,RTSP004905,มินิบิ๊กซี บางจากกัลปพฤกษ์ กรุงเทพมหานคร,RTSP,3 - RTSP,2.42,30.01,PICKUP,22,SNGY-T15,14%,1982
DCSP-SNGY,West,SNGY,Nongyai,RTSP001733,จิฟฟี่ กรุงเทพ-สาทร ตากสิน 2,RTSP,3 - RTSP,0.1,30.11,PICKUP,48,SNGY-T15,30%,2030
DCSP-SNGY,West,SNGY,Nongyai,SNGY,Nongyai,DCSP,HUB,2.87,32.98,RETURN TO HUB,—,—,—,2030
DCSP-SPS1,West,SPS1,Phutthamonthon sai 1,SPS1,Phutthamonthon sai 1,DCSP,HUB,0,0,START,—,—,—,0
DCSP-SPS1,West,SPS1,Phutthamonthon sai 1,KE000152,PTT Bang Waek,SHOP,1 - SHOP,1.32,1.32,PICKUP,154,SPS1-T01,96%,154
DCSP-SPS1,West,SPS1,Phutthamonthon sai 1,KE000195,Seacon bangkea,SHOP,1 - SHOP,2.8,4.12,PICKUP,93,SPS1-T03,58%,247
DCSP-SPS1,West,SPS1,Phutthamonthon sai 1,KE000195,Seacon bangkea,SHOP,1 - SHOP,0,4.12,PICKUP,93,SPS1-T03,58%,340
DCSP-SPS1,West,SPS1,Phutthamonthon sai 1,PSP000225,มามิเพ็ทช็อป,PSP,2 - PSP,1.81,5.93,PICKUP,48,SPS1-T04,30%,388
DCSP-SPS1,West,SPS1,Phutthamonthon sai 1,PSP000225,มามิเพ็ทช็อป,PSP,2 - PSP,0,5.93,PICKUP,48,SPS1-T04,30%,436
DCSP-SPS1,West,SPS1,Phutthamonthon sai 1,PSP000076,ร้านแฟ ป่ะ,PSP,2 - PSP,0.87,6.8,PICKUP,62,SPS1-T05,39%,498
DCSP-SPS1,West,SPS1,Phutthamonthon sai 1,PSP000076,ร้านแฟ ป่ะ,PSP,2 - PSP,0,6.8,PICKUP,62,SPS1-T05,39%,560
DCSP-SPS1,West,SPS1,Phutthamonthon sai 1,PSP000133,Forest Coffee,PSP,2 - PSP,1.46,8.26,PICKUP,74,SPS1-T07,46%,634
DCSP-SPS1,West,SPS1,Phutthamonthon sai 1,PSP000133,Forest Coffee,PSP,2 - PSP,0,8.26,PICKUP,74,SPS1-T07,46%,708
DCSP-SPS1,West,SPS1,Phutthamonthon sai 1,PSP000002,Bangkhaekanwen,PSP,2 - PSP,0.8,9.06,PICKUP,97,SPS1-T09,61%,805
DCSP-SPS1,West,SPS1,Phutthamonthon sai 1,PSP000002,Bangkhaekanwen,PSP,2 - PSP,0,9.06,PICKUP,97,SPS1-T09,61%,902
DCSP-SPS1,West,SPS1,Phutthamonthon sai 1,PSP000125,JAGUAR STAINLESS STEEL KITCHENWARE,PSP,2 - PSP,3.24,12.3,PICKUP,58,SPS1-T10,36%,960
DCSP-SPS1,West,SPS1,Phutthamonthon sai 1,PSP000125,JAGUAR STAINLESS STEEL KITCHENWARE,PSP,2 - PSP,0,12.3,PICKUP,58,SPS1-T10,36%,1018
DCSP-SPS1,West,SPS1,Phutthamonthon sai 1,PSP000094,Somphorn,PSP,2 - PSP,1.34,13.64,PICKUP,52,SPS1-T11,32%,1070
DCSP-SPS1,West,SPS1,Phutthamonthon sai 1,PSP000094,Somphorn,PSP,2 - PSP,0,13.64,PICKUP,52,SPS1-T11,32%,1122
DCSP-SPS1,West,SPS1,Phutthamonthon sai 1,PSP000092,Pet and Post,PSP,2 - PSP,3.4,17.03,PICKUP,82,SPS1-T11,51%,1204
DCSP-SPS1,West,SPS1,Phutthamonthon sai 1,RTSP000920,ชีเจ เอ็กเพรส สาขา ตลาด ส พูนทรัพย์,RTSP,3 - RTSP,2.35,19.39,PICKUP,11,SPS1-T12,7%,1215
DCSP-SPS1,West,SPS1,Phutthamonthon sai 1,RTSP000920,ชีเจ เอ็กเพรส สาขา ตลาด ส พูนทรัพย์,RTSP,3 - RTSP,0,19.39,PICKUP,11,SPS1-T12,7%,1226
DCSP-SPS1,West,SPS1,Phutthamonthon sai 1,RTSP005744,มินิบิ๊กซี ตลาดราชมนตรี สาย 1,RTSP,3 - RTSP,0.55,19.94,PICKUP,43,SPS1-T12,27%,1269
DCSP-SPS1,West,SPS1,Phutthamonthon sai 1,RTSP005744,มินิบิ๊กซี ตลาดราชมนตรี สาย 1,RTSP,3 - RTSP,0,19.94,PICKUP,43,SPS1-T12,27%,1312
DCSP-SPS1,West,SPS1,Phutthamonthon sai 1,RTSP003322,โลตัส เพชรเกษม 48 แยก 20 กรุงเทพ,RTSP,3 - RTSP,0.6,20.54,PICKUP,57,SPS1-T13,36%,1369
DCSP-SPS1,West,SPS1,Phutthamonthon sai 1,RTSP003322,โลตัส เพชรเกษม 48 แยก 20 กรุงเทพ,RTSP,3 - RTSP,0,20.54,PICKUP,57,SPS1-T13,36%,1426
DCSP-SPS1,West,SPS1,Phutthamonthon sai 1,RTSP004325,ตลาดไชยฉิมพลี,RTSP,3 - RTSP,0.79,21.34,PICKUP,44,SPS1-T14,28%,1470
DCSP-SPS1,West,SPS1,Phutthamonthon sai 1,RTSP004325,ตลาดไชยฉิมพลี,RTSP,3 - RTSP,0,21.34,PICKUP,44,SPS1-T14,28%,1514
DCSP-SPS1,West,SPS1,Phutthamonthon sai 1,RTSP001633,ลุมพินี วิลล์ ราชพฤกษ์บางแวก,RTSP,3 - RTSP,0.18,21.52,PICKUP,17,SPS1-T14,11%,1531
DCSP-SPS1,West,SPS1,Phutthamonthon sai 1,RTSP000621,ชีเจ เอ็กเพรส สาขา เพชรเกษม 54,RTSP,3 - RTSP,1.96,23.48,PICKUP,43,SPS1-T14,27%,1574
DCSP-SPS1,West,SPS1,Phutthamonthon sai 1,RTSP000621,ชีเจ เอ็กเพรส สาขา เพชรเกษม 54,RTSP,3 - RTSP,0,23.48,PICKUP,43,SPS1-T14,27%,1617
DCSP-SPS1,West,SPS1,Phutthamonthon sai 1,RTSP002198,ลอว์สัน เดอะ ลีฟวิ่น เพชรเกษม,RTSP,3 - RTSP,0.88,24.36,PICKUP,33,SPS1-T15,21%,1650
DCSP-SPS1,West,SPS1,Phutthamonthon sai 1,RTSP002198,ลอว์สัน เดอะ ลีฟวิ่น เพชรเกษม,RTSP,3 - RTSP,0,24.36,PICKUP,33,SPS1-T15,21%,1683
DCSP-SPS1,West,SPS1,Phutthamonthon sai 1,RTSP001835,Seacon-Bangkae FL 2,RTSP,3 - RTSP,0.35,24.7,PICKUP,35,SPS1-T15,22%,1718
DCSP-SPS1,West,SPS1,Phutthamonthon sai 1,RTSP001835,Seacon-Bangkae FL 2,RTSP,3 - RTSP,0,24.7,PICKUP,35,SPS1-T15,22%,1753
DCSP-SPS1,West,SPS1,Phutthamonthon sai 1,RTSP000123,บีทูเอส ซีคอน บางแค,RTSP,3 - RTSP,0.12,24.82,PICKUP,49,SPS1-T16,31%,1802
DCSP-SPS1,West,SPS1,Phutthamonthon sai 1,RTSP000123,บีทูเอส ซีคอน บางแค,RTSP,3 - RTSP,0,24.82,PICKUP,49,SPS1-T16,31%,1851
DCSP-SPS1,West,SPS1,Phutthamonthon sai 1,RTSP004346,เพชรเกษม 33,RTSP,3 - RTSP,0.42,25.24,PICKUP,20,SPS1-T16,12%,1871
DCSP-SPS1,West,SPS1,Phutthamonthon sai 1,RTSP004346,เพชรเกษม 33,RTSP,3 - RTSP,0,25.24,PICKUP,20,SPS1-T16,12%,1891
DCSP-SPS1,West,SPS1,Phutthamonthon sai 1,RTSP004322,เพชรเกษม 48,RTSP,3 - RTSP,0.71,25.96,PICKUP,56,SPS1-T17,35%,1947
DCSP-SPS1,West,SPS1,Phutthamonthon sai 1,RTSP001670,จิฟฟี่ กรุงเทพฯ - เพชรเกษม 46,RTSP,3 - RTSP,0.15,26.11,PICKUP,25,SPS1-T17,16%,1972
DCSP-SPS1,West,SPS1,Phutthamonthon sai 1,RTSP002192,ลอว์สัน มหาวิทยาลัยสยาม,RTSP,3 - RTSP,0.98,27.09,PICKUP,40,SPS1-T17,25%,2012
DCSP-SPS1,West,SPS1,Phutthamonthon sai 1,RTSP002173,ลอว์สัน ชีวาทัย - เพชรเกษม27,RTSP,3 - RTSP,0.19,27.28,PICKUP,57,SPS1-T18,36%,2069
DCSP-SPS1,West,SPS1,Phutthamonthon sai 1,RTSP001678,จิฟฟี่ กรุงเทพฯ - ตากสินสาทร 1 ขาออก,RTSP,3 - RTSP,1.17,28.45,PICKUP,46,SPS1-T18,29%,2115
DCSP-SPS1,West,SPS1,Phutthamonthon sai 1,RTSP002899,พุทธมณฑลสาย 1,RTSP,3 - RTSP,2.47,30.93,PICKUP,42,SPS1-T18,26%,2157
DCSP-SPS1,West,SPS1,Phutthamonthon sai 1,RTSP002899,พุทธมณฑลสาย 1,RTSP,3 - RTSP,0,30.93,PICKUP,42,SPS1-T18,26%,2199
DCSP-SPS1,West,SPS1,Phutthamonthon sai 1,RTSP001161,ท็อปส์เดลี่ บางแคคอนโด,RTSP,3 - RTSP,0.65,31.58,PICKUP,9,SPS1-T19,6%,2208
DCSP-SPS1,West,SPS1,Phutthamonthon sai 1,RTSP001161,ท็อปส์เดลี่ บางแคคอนโด,RTSP,3 - RTSP,0,31.58,PICKUP,9,SPS1-T19,6%,2217
DCSP-SPS1,West,SPS1,Phutthamonthon sai 1,RTSP002131,P3626ลอว์สัน ซัสโก้ กาญจนาภิเษก - Lawson Cusco Kanchanaphisek,RTSP,3 - RTSP,2.8,34.38,PICKUP,37,SPS1-T19,23%,2254
DCSP-SPS1,West,SPS1,Phutthamonthon sai 1,RTSP002131,P3626ลอว์สัน ซัสโก้ กาญจนาภิเษก - Lawson Cusco Kanchanaphisek,RTSP,3 - RTSP,0,34.38,PICKUP,37,SPS1-T19,23%,2291
DCSP-SPS1,West,SPS1,Phutthamonthon sai 1,RTSP001673,จิฟฟี่ กรุงเทพฯ - วงแหวนรอบนอกบางแค,RTSP,3 - RTSP,0.57,34.94,PICKUP,15,SPS1-T20,9%,2306
DCSP-SPS1,West,SPS1,Phutthamonthon sai 1,RTSP001673,จิฟฟี่ กรุงเทพฯ - วงแหวนรอบนอกบางแค,RTSP,3 - RTSP,0,34.94,PICKUP,15,SPS1-T20,9%,2321
DCSP-SPS1,West,SPS1,Phutthamonthon sai 1,RTSP003394,โลตัส บางแวก 89 กรุงเทพ,RTSP,3 - RTSP,0.77,35.72,PICKUP,41,SPS1-T20,26%,2362
DCSP-SPS1,West,SPS1,Phutthamonthon sai 1,RTSP002871,อุดมทรัพย์ บางแวก กรุงเทพ,RTSP,3 - RTSP,0.75,36.47,PICKUP,20,SPS1-T20,12%,2382
DCSP-SPS1,West,SPS1,Phutthamonthon sai 1,RTSP002871,อุดมทรัพย์ บางแวก กรุงเทพ,RTSP,3 - RTSP,0,36.47,PICKUP,20,SPS1-T20,12%,2402
DCSP-SPS1,West,SPS1,Phutthamonthon sai 1,RTSP005288,มินิบิ๊กซี บางแวก 120 กรุงเทพฯ,RTSP,3 - RTSP,0.09,36.55,PICKUP,49,SPS1-T21,31%,2451
DCSP-SPS1,West,SPS1,Phutthamonthon sai 1,RTSP005288,มินิบิ๊กซี บางแวก 120 กรุงเทพฯ,RTSP,3 - RTSP,0,36.55,PICKUP,49,SPS1-T21,31%,2500
DCSP-SPS1,West,SPS1,Phutthamonthon sai 1,RTSP004448,มินิบิ๊กซี อินทราวาส,RTSP,3 - RTSP,2.52,39.07,PICKUP,36,SPS1-T21,22%,2536
DCSP-SPS1,West,SPS1,Phutthamonthon sai 1,RTSP006264,ท็อปส์ เดลี่ พุทธมณฑลสาย 1,RTSP,3 - RTSP,0.07,39.13,PICKUP,25,SPS1-T22,16%,2561
DCSP-SPS1,West,SPS1,Phutthamonthon sai 1,RTSP002836,วัดอินทราวาส กรุงเทพ,RTSP,3 - RTSP,0.09,39.22,PICKUP,41,SPS1-T22,26%,2602
DCSP-SPS1,West,SPS1,Phutthamonthon sai 1,SPS1,Phutthamonthon sai 1,DCSP,HUB,3.41,42.63,RETURN TO HUB,—,—,—,2602
